coord_x,coord_y,cluster_id,cluster_dist,dist_0,dist_1,dist_2,dist_3,dist_4,dist_5,dist_6,dist_7,dist_8,dist_9,dist_10,dist_11,dist_12,dist_13,dist_14,dist_15
2031,17256,0,13.214204300941581,13.214204300941581,20.232494051409017,23.032274737237312,24.786755932410383,26.598350101465236,22.951742868894495,24.447446384748414,23.806597621918932,14.171047207056162,25.690819201501817,18.5097947514927,27.609088984958188,18.730994707238082,26.317282961825025,23.4500911725333,19.175135705429884
2031,18271,8,14.086368927083662,15.287186216358604,22.365508077484318,21.577606281370745,24.77464983817503,27.094868369432806,22.817534882288275,23.845464537851985,25.60090553697288,14.086368927083662,24.8381726543626,19.177687801948586,28.199719616791214,16.72098671867603,27.323250527666534,22.876139780298796,19.588645366629393
3046,16241,8,11.722985090979744,13.3521396331721,20.60036105592357,21.325816059774247,23.91824757684489,25.390946779260116,22.527859640667717,22.263085326824232,23.586378561734616,11.722985090979744,23.86818411828523,16.520488992053632,26.259704170759694,16.712256504989078,26.1953353955473,21.17058369356786,17.82215116934947
3046,17256,12,12.058423964496289,12.973215427137566,24.6268905977924,18.410979152219813,23.43352290714345,24.420275415160937,23.24072770414379,21.328348208872196,25.298581346253624,17.283215768033482,22.070656195435518,15.03254935796335,25.597431508979906,12.058423964496289,26.6425328854261,20.73164718756974,18.092661156029564
3046,18271,14,14.640421356873778,23.223927021060458,29.851623369749603,20.075428405074298,16.371418176784765,16.808411728214928,20.144249177961516,21.82794753942979,23.520026750352596,22.72679789077984,15.404848925170691,22.290758223972336,17.49337506798938,22.142464577711756,20.845458505990397,14.640421356873778,20.36944434902882
3046,19286,8,12.082133003448325,16.57558766920697,17.725627423195498,22.645121772596816,25.222923887924498,26.649059519777385,23.61515427806864,23.236450132025674,22.253426127002967,12.082133003448325,24.96554520178208,20.26084828626914,27.685526628467937,19.947533598345725,26.64272703348258,23.210457789220598,19.623545357084467
4061,15226,8,13.244241613258254,20.403042125134153,16.774049877510635,24.81081266859182,28.134691563254528,27.82056990422258,25.51981778622514,25.014245676596797,23.027265064132546,13.244241613258254,27.519180141582208,23.12818142572428,27.373310771547988,21.997218147306324,27.735132521024493,25.277509307602433,23.302920327149106
4061,16241,14,14.471255927758438,21.23534872321542,25.58192071650168,21.943340532105378,18.881462294390335,21.06295730543234,21.051899302531183,22.443887228592505,22.186147280951577,18.968166171793232,19.795366646713255,20.823416686279753,20.14819784011918,20.05680858927342,21.266198198124137,14.471255927758438,19.208836279079307
4061,17256,12,11.310066752931364,12.392743930078497,23.95710295484302,17.810712344807975,22.406896938349956,23.292501386613143,20.00713088036787,20.71524753434368,23.50779650697659,16.958375919869727,21.397015644278316,15.588832631623319,24.668164772720356,11.310066752931364,24.721061082924848,20.531797256249405,17.270149932520077
4061,18271,14,11.060308647234368,21.64591728496542,28.325358130153354,19.430848758296516,12.186936243096177,15.273206692465939,17.26261236910866,20.66065987647801,21.952513512610647,21.462799046339004,13.079014430167463,20.50997422971598,17.2643798649065,21.249933829671072,18.096090371918518,11.060308647234368,18.495882822268992
4061,19286,3,9.45080140113564,20.973192082001255,27.564565687250344,20.217838014462245,9.45080140113564,17.004544686604014,16.09789164566535,22.12321149830945,24.163091182607847,21.14798128045396,13.858049002223924,21.74422827957968,19.83290879558165,22.34163029450302,16.864360555533658,13.656299963441853,19.33922135977534
4061,20301,8,13.738061970280869,16.261525872491152,22.39563315974986,20.30993689743822,16.86186940122242,21.0363997935132,17.227676308650572,22.614487848207478,21.733029309203346,13.738061970280869,18.799582340897388,18.64576464805705,23.21147480671062,19.010650344757227,20.870856781725276,16.088013315560616,17.38365536334357
5076,15226,8,14.299063311333201,15.391096684462601,23.730549842115895,16.553814628101584,18.436465142042696,19.80364200000383,19.233664938355936,18.533109935224285,21.58803995041565,14.299063311333201,17.106234650876445,17.161062191120145,20.51874089308527,15.604098892065306,21.285253183758954,15.266215922630101,15.69560383714791
5076,16241,3,10.59650816253945,20.731737671070405,27.936765847920462,18.48601836224193,10.59650816253945,14.934671260693989,16.01384894669041,20.649244382253322,22.235226622404156,21.33596743410853,12.297478439321988,20.88802604337705,18.162838472490183,20.408755327874466,16.233913462040068,11.611234190345046,18.856552268768485
5076,17256,12,16.428939828739455,21.58015748088079,28.19405548560323,17.131188981318367,22.33210502193007,22.586455466410236,20.83736101725461,20.58596779371979,24.689760868819473,21.55424745740896,18.67295744366372,21.75523750947508,23.353256896989308,16.428939828739455,24.451575292715567,19.964233501605168,21.298199675427362
5076,18271,9,10.18448506841025,19.935971824607368,29.03763056711251,16.12450077713574,10.768029150270902,14.952777673935334,17.29326399474056,19.115995604461617,23.89600365580749,21.989599135276446,10.18448506841025,20.144686152017865,18.53303589183998,18.871362731524513,17.74193588006368,13.311681583693346,19.047696356101394
5076,19286,3,10.893699927085848,20.957968543909967,28.940380287852744,17.676362983311883,10.893699927085848,16.64727487348607,15.814843588593696,19.67682517181484,23.73952946773632,21.979717932001236,11.267864067437596,19.503647981255508,19.692116430236272,20.89425027274319,17.815571053293944,12.133748416787302,17.785038986837108
5076,20301,9,15.69350586982671,24.220555034559148,30.105370594614786,20.30255280050232,16.547112281311975,18.789252344583748,20.080628106267618,22.065528922769584,24.983542612529455,23.523617821031316,15.69350586982671,23.319597077921156,19.897296613195813,23.595447869090435,21.572624461685436,16.165550394535344,20.72641934749661
5076,21316,14,15.958025993139936,18.10197312900113,23.4368547836318,19.452706909810136,19.037810365882027,21.64239051666463,20.826145732984976,21.732794219908733,20.401410472915146,16.023864571551684,18.192437832516774,17.18715554244467,23.565647371014435,20.46898386868369,23.52377003543763,15.958025993139936,17.247102476238883
6091,13196,8,14.104664978853043,17.693289797270296,21.083115583043345,22.77388633507684,26.502892353302,27.141392838559998,23.3824603124664,24.266302255196035,22.381646210748634,14.104664978853043,26.06367469998328,21.217884189458804,26.833520776667793,18.238106717275915,26.710773483219285,23.46799915725009,20.768873716694838
6091,14211,14,13.708466381565236,16.180557058418845,24.112580983373988,15.563391967260474,15.384083465159561,18.956711268918003,17.121978065119052,18.602626381043073,20.66381547634601,14.282115351361153,14.205795127743771,17.301506982961484,21.106203292455646,17.019619730812362,20.407085173558187,13.708466381565236,16.024619935529977
6091,15226,3,14.638724246497476,18.867043609167432,26.814607884279788,17.603323627716783,14.638724246497476,19.74977120342369,17.2013221457816,20.526517280647067,24.104703174333622,19.830407888117136,15.116418978000683,19.9231621465952,21.654302164123944,19.285264652556535,20.79350098251337,15.44406849558171,16.607966163138823
6091,16241,9,11.208330482693363,22.031317107303646,28.949462208033857,16.934834948899066,12.313219198037132,17.242213289106854,17.12880087671339,20.715245815902435,23.795849405456114,22.501458231323557,11.208330482693363,22.073845599999608,20.57462834082432,22.059934934977164,19.55316179332375,15.58898016110147,19.54585347510858
6091,17256,3,12.279981217548526,17.93915300573025,28.10746581291905,16.809843497455667,12.279981217548526,18.73075499179412,16.14288668300604,20.60539517795262,24.62255799829318,21.011696143804038,13.745089077557168,19.49843410796715,21.465509340590796,18.599855770704284,18.404511931808862,15.473713410079336,17.029713316765633
6091,18271,9,10.668033087057337,22.873745486477333,29.795762407794516,17.587791256647492,11.392112349921046,15.371402133654758,17.579255221852225,20.615146715352477,23.955355632663526,23.882895192568746,10.668033087057337,22.680616053696543,18.39149533850458,22.13371512182268,18.196628005239255,14.449600184448585,20.25366526536185
6091,19286,9,10.858515952380676,20.44330282347634,28.128549284801,16.03681818168245,13.162292411161056,16.766049933540877,17.615337452136405,18.37374096481663,21.82750842344326,20.903815705423384,10.858515952380676,18.02991619945818,19.111205056084938,20.77654445578224,19.677105917555096,12.463414992618306,16.164251250677
6091,20301,9,13.26736393085656,22.41612398087323,30.365053782131888,18.92886021337081,13.465595266908007,15.931490768910608,17.42352263931538,21.11010926070247,24.838972619042337,23.456182190732612,13.26736393085656,22.93543921454988,17.77939376153612,21.725680929592464,18.9114462027866,15.314602466093968,20.091317824369256
6091,21316,9,14.704340629931371,23.17733680313353,30.14703423709592,19.29509941578035,14.717625776476616,18.334336444422945,17.563688996429544,21.923515721974834,25.235743057264155,23.047526325381522,14.704340629931371,23.469157384794073,20.010574289768666,22.25918309043491,20.064206604222246,16.557490578215983,20.956379211597465
6091,22331,8,14.872098254198658,18.592491026905055,21.935734313728442,20.782688535787877,20.277058161861653,21.46644054195196,20.483706779144825,22.64175029173209,21.509923325876873,14.872098254198658,19.758502747759017,21.080976259074117,23.675743647734603,20.567758831018864,22.739487552267555,19.23567442360867,20.818048454394877
7106,12181,8,12.897095504903067,17.695754204470994,20.822566746952045,18.699085728422954,24.30547171680211,24.893200109377997,22.697245215134004,20.88636593906762,22.350864615175183,12.897095504903067,21.86307132830357,18.75882390391303,25.53502482399621,17.81777714091169,26.363097595986034,20.903386532947284,19.602349451853986
7106,13196,9,12.260329059509992,17.134707963786656,24.627933982466814,14.194706002862247,14.247094937315678,17.887997015134896,16.861540996875032,18.371591559304957,21.299132691692954,17.064119063849684,12.260329059509992,18.034556631343914,20.449776208919257,17.73430232913978,19.980592273512542,14.242361293398647,16.804664130424694
7106,14211,9,10.47885867061117,20.356907216760508,28.05965250630189,15.003978740716915,13.051145817397414,17.61263315957681,17.21418939541994,18.368498292715362,21.92790991581362,20.63826498129948,10.47885867061117,20.362259881913378,20.456789750543358,18.612939914199828,19.37385608184498,13.198728805541268,18.2718964757429
7106,15226,9,10.203266430656493,20.462650990826198,29.168814733588988,11.855881730207136,15.191460256549858,17.82947049876646,18.037247518183563,18.028093676110654,22.604272968870006,21.65827404189471,10.203266430656493,20.40907140894645,21.140388628693245,19.248510632499947,21.526757428264208,16.593792113567876,19.079329185178654
7106,16241,9,10.329998957597082,18.748701303901985,28.319958129256772,15.949662026049209,10.368590933684438,16.01018500466549,15.768841306149417,18.875304219324164,22.865360393332654,20.23514077919986,10.329998957597082,18.926628383068472,18.762479553062008,18.55697221502576,17.255364158950034,11.242902727795876,17.215143535156344
7106,17256,3,14.471425131666598,21.122644704734615,29.32012477634471,18.951281589856876,14.471425131666598,18.921749734665163,15.215192833937035,21.570414242106057,24.296464241186495,21.344362898834543,15.247328233427607,22.151253107511668,19.541858465335928,20.07985641660915,19.346123808917106,15.211962428905029,18.882030851091223
7106,18271,9,9.977909833148999,22.99127397290415,30.75863367618497,17.917892702917623,12.104509018636566,14.660368097542033,18.299285281682543,20.929375031811762,24.296460869468575,24.35414901990897,9.977909833148999,22.87124010358443,19.160135749129555,22.00411449470366,19.095021619601134,14.784542799890737,21.51233468339185
7106,19286,14,15.345157738124625,17.32175207848768,25.731447163132508,21.206502036683826,16.37265411427816,20.910825137094463,15.835916641081214,21.93341494434144,23.20130589719704,17.360889094200484,18.862787440199465,19.75219386945127,21.776304767817376,18.179086580704933,19.36154873150529,15.345157738124625,16.472448516593285
7106,20301,9,10.002874040361313,22.235531218688127,30.044932452842772,15.355277808440256,13.69588571095881,15.558748016175036,18.4560620849357,19.45298458617314,24.092334838508396,24.00518855636809,10.002874040361313,22.13732280959598,19.878177213683962,21.85006827056736,20.186877835089447,16.910575432002407,20.527860311699285
7106,21316,9,14.433154390545363,24.1937434775582,30.97384028681111,20.751709271277765,14.86058236038413,15.004544139922467,18.144156212749674,23.37821418021114,23.2828290866039,24.85809671287244,14.433154390545363,24.572483951322756,18.807636559261528,24.14898642536664,19.032917569078613,16.878228180819445,22.149858515074676
7106,22331,9,13.747997987916454,22.123767340217647,28.75054097017372,17.536276751302807,15.602344458912885,18.86006659762359,19.134072330969985,20.763393977416122,23.59810517419041,21.625227741731727,13.747997987916454,21.222466960466562,21.21147578631276,19.894993870376048,21.50963080426664,14.469070105486255,19.396905851700463
7106,23346,8,14.203473624971728,19.772186204442917,20.396548376640645,24.293768371887086,24.38097742709471,23.96432475543947,24.04983876309378,24.973014368898717,23.2804979910162,14.203473624971728,24.149670844494995,22.671229424448807,25.725898911700238,21.599420939601202,25.367250362355453,22.349866441537017,23.462722054156263
8121,11166,14,15.731602417119197,20.07974748317172,24.685451430138862,18.519673835011,21.14753444657817,21.56131186441038,20.446752102718666,20.83191015008686,21.543396348667915,16.40483554033364,18.43646822348638,19.374305800191845,20.588697640603506,17.783169741313774,23.598671431326974,15.731602417119197,18.285320048349785
8121,12181,3,10.824365686161194,20.10621236179782,26.95808549603081,16.583617954000143,10.824365686161194,15.646467744291098,16.725437958590813,18.777315914763914,21.983197802572572,20.606147124194884,10.82683685898179,19.565621341683066,19.682496181476505,19.762259468146773,17.651902725170437,12.11602011837958,18.181653093676047
8121,13196,9,12.428647931415838,21.255146724131222,28.102981492911958,14.744762188597377,16.335082605182603,18.525073394998948,18.903015138164353,17.479291496323455,22.310298459680517,21.31829670391241,12.428647931415838,20.986856723166046,20.52899618395071,18.740161245028563,21.7170225330988,15.199031841915476,17.74733946224886
8121,14211,9,10.86255971901654,22.55152648758409,29.306503609172402,17.8874091502689,12.285890790135047,14.720825175187041,16.284058427709606,20.418049903402228,22.987460683053648,22.44388038243197,10.86255971901654,22.004206898931088,19.371549178519405,21.408789594947418,18.733329469183186,13.750376532695784,20.073325707707795
8121,15226,9,11.637664172846266,21.284736305520074,29.29415452700826,16.68628453965836,14.78655940082565,16.838925058359983,18.08846298447869,19.5955121171144,22.515512794329887,21.480595008181083,11.637664172846266,19.820542910520473,19.640917101663042,18.868694542364427,20.07014777941086,11.82014166592761,18.844518919402105
8121,16241,9,13.490816710719834,19.37950916668098,28.913147917784006,13.908352706913506,16.762647059395213,19.766300810893334,19.123844517852298,19.857560670340064,23.57550832112363,21.091665648708794,13.490816710719834,20.270291029336754,22.287870435135893,16.806653630589413,21.24681961906138,16.4731764275441,19.463694490595095
8121,17256,9,11.730285649025076,21.99908194985933,29.3418575319781,16.91898653491688,14.375492277272311,14.80141311673591,17.812018252233756,20.138352983749638,23.538969355786413,22.863072376373236,11.730285649025076,22.161889520407083,18.71957254746651,21.140114118568327,19.400629798447966,16.119228866395954,20.32749452529325
8121,18271,9,13.26751074236369,22.63136846944859,30.989434253164987,18.801467708927962,14.966798531509447,14.606166356609897,18.780463774173665,20.874827840371776,25.160560305824635,23.958017436790943,13.26751074236369,22.998941897981847,18.36070847357423,20.781875851424395,20.120802280382243,16.009958239374125,21.647516532658006
8121,19286,3,11.654949737374658,18.26066111745306,27.91736398396185,16.9493922077238,11.654949737374658,16.92236486504456,14.809118949680476,19.012303229360025,22.062790748485956,20.586280183200547,12.674635063933707,18.92299625608045,19.92745793620703,18.638811276001118,16.91538649408459,13.140517011150095,15.44243501795064
8121,20301,9,11.106275361859439,21.75423796785079,30.243925406401708,16.20752704068189,14.151755729720273,16.329550914377112,19.25894845401775,20.105808740637404,24.704925335611712,24.244109170720137,11.106275361859439,21.77193984548633,21.412310742001736,20.015373815397425,20.79874165781806,16.995291040135612,21.159989216763602
8121,21316,3,10.721512089116802,21.573994631178234,29.017583250739136,18.528785937979073,10.721512089116802,14.510942749606532,15.842493168170932,20.236382726666193,23.574292011480406,22.560340263843084,11.469440750161294,21.367385266896942,18.2352416115238,22.249866514116526,16.921879186549024,14.455193040152988,18.95362415637681
8121,22331,9,12.910772974637409,22.019010526780253,30.55609989713219,18.101810648126353,14.739044886250394,14.280576376945625,17.598596020670108,20.064363840149394,23.693101915084785,23.74389863936258,12.910772974637409,22.875142528000296,18.073576039124802,21.374710526050606,18.926098829751684,16.95887408578363,20.406467970963963
8121,23346,8,13.575838708104346,19.703733268637237,21.954096578917106,19.795738181900163,23.152491149221554,23.501331723501025,20.42920753278116,19.89130755094956,20.69649316445412,13.575838708104346,20.799752223693147,20.70892758387669,24.42070546971062,18.62535040031693,24.755371221604573,19.51689723505651,18.976499669175375
9136,10151,8,11.957789781755988,14.677752730429507,21.642759635395446,19.548242940093964,23.77418735011229,24.84379610940675,22.107671925838314,21.987250169146666,22.020906200354524,11.957789781755988,22.803048586574118,17.389195944071467,25.13426150510879,14.923526001181648,26.307713542016355,20.357932845983054,17.318950724729458
9136,11166,12,12.68956745196858,16.592759594884747,24.482495025663457,14.21261073091075,22.3269908992798,23.05048103020838,21.00581534002248,17.8531907722141,21.316675383908734,16.199238556524055,19.017526881105677,15.997605853270272,24.432922325116717,12.68956745196858,25.799372667146972,18.995191319691138,16.5462306010682
9136,12181,9,13.743230446007475,21.95421565833306,28.653023695175072,17.700714131260245,13.830062707375179,18.54195904913263,15.755806420592055,20.60523991930099,23.848026084207294,22.53319625884969,13.743230446007475,21.971459074270406,21.954078366755763,20.91767615894676,19.551329793177214,16.524437560622896,19.081947043092857
9136,13196,9,9.923330940573575,21.48271418325416,29.139317474400794,16.953185314570156,10.913460970920994,15.473247906952414,17.48822870398427,20.34223295567106,22.875393219787217,22.383004481557993,9.923330940573575,21.10118537598531,19.394722627191786,21.043313397474982,18.374250187595955,12.842291743934295,19.66237691916316
9136,14211,9,11.501117257101564,23.30168094254979,29.555413329058283,17.717478654949424,14.305660463718782,15.98275237606924,18.721339319098643,21.04618682889132,23.589939912570888,23.63726957295429,11.501117257101564,23.072549616026322,20.13085713352384,23.17025815227209,20.474391594440934,16.221109670157595,20.9399329597599
9136,15226,2,12.04946884193079,19.491200099847084,27.487009221245877,12.04946884193079,20.294696061338655,21.173021806318577,19.445944235181305,19.248467730755202,22.668415229997446,20.249181406399195,15.728063615654435,19.925940924120656,22.68448575645873,16.31785169539589,23.618060757745734,19.3434590699316,19.356210483218934
9136,16241,2,11.464788585825564,20.370250555277686,27.984753934468973,11.464788585825564,19.89850170427803,21.58965791248191,18.611849785112543,19.834488862811966,22.13255745184345,20.56193863788953,15.250913119687342,19.81282830691813,23.05043891021075,18.073043165303456,23.92449616833037,19.024299689835846,19.554830214528238
9136,17256,2,10.336442946547828,19.346664804721538,28.065190776989212,10.336442946547828,19.764166985810057,21.457409487361016,19.258626515700588,16.933199067048776,22.55487535758031,20.343622062031635,14.877006806236441,19.800493474737888,22.8135349839845,16.844941555464548,24.154745708577305,19.20775804662405,17.59673643552063
9136,18271,9,10.781933121162925,22.121931118890544,29.273126065748656,16.890067139207634,12.464286546953534,17.30216745254028,18.467698380123302,20.497982941765535,24.463841831907406,23.467009362103525,10.781933121162925,20.07323399261317,21.56759041460033,22.067468613705866,20.418495081765585,15.303755139787333,19.880348414461842
9136,19286,9,13.460926308529478,24.92898674869077,31.411672726446564,19.3899772956036,15.263289165623894,17.623498318511636,17.771376188146583,20.753612026294597,25.65657425539907,25.041673215196028,13.460926308529478,25.311707336907627,20.358680004140485,21.98571576798347,19.401162208096615,16.85231455954786,22.27901468160802
9136,20301,9,10.543678404410164,23.48287918742026,30.684389254226332,17.308529424996788,14.397469357624617,14.424301502793831,19.624088688286115,20.351416455071757,23.79228113813427,24.949164045515516,10.543678404410164,23.300861290568005,19.494119459373444,22.172828376897172,20.23853839522869,16.497684062245213,22.101537713183497
9136,21316,9,12.585909816086115,21.46283310952043,28.67970714270334,17.961081859051642,15.536495907977054,14.278400217814943,20.138318772989038,20.249014243563543,22.943914373325704,22.433649465684777,12.585909816086115,21.72310275073226,19.499016748790364,20.911852124227416,20.04144450684675,16.496235997840625,21.11325662394718
9136,22331,4,13.944703212152469,23.07154696706917,28.650719176205282,20.012699064292384,15.261865139578545,13.944703212152469,17.35551855010459,21.59696688374679,22.31153771649299,22.348613153040155,14.45504228477596,21.78660239125993,17.130096813904604,22.751354622800736,19.55487147639374,14.932305774836845,20.312940974797844
9136,23346,9,13.445821509183409,22.218242758619628,28.477816509988077,18.391882595515796,15.068997908249374,17.09333827187367,17.056453563879657,21.038212855725714,22.88357041278388,21.255365179894913,13.445821509183409,21.98109853094169,20.077002921366013,22.086605296210244,20.723402707721334,15.685891658541562,19.858829176560747
9136,24361,8,12.967308072720472,16.899617108717777,21.159049742978922,23.134442451013662,23.1404990029257,24.900256480796287,19.132865256871494,23.82284927009797,21.999627593053628,12.967308072720472,24.102971780694684,18.744406464780702,25.589349094263177,19.46804498023869,24.423043430181206,20.378209547244374,17.788651361118646
10151,9136,8,13.027568522744224,18.030008946123164,17.13304424721035,24.361536058099738,28.04643223948668,27.86247022186974,26.186432039692594,24.844693354034124,23.57069214783019,13.027568522744224,27.793865342602214,21.926930306347522,27.501417045851333,20.50259346131559,28.195907516072545,25.701350239916376,22.31704087265913
10151,10151,2,15.504779605064344,19.383124228326963,25.327267609004615,15.504779605064344,24.527865660835246,25.301851892379798,22.044974525788497,21.51259794271193,23.197487126908722,17.394373622931322,21.555242539502807,20.07596548240363,25.896040264632077,16.579171897464292,27.154050873368472,22.282805212170686,19.554680588177305
10151,11166,2,13.381769385954353,18.4054775943347,26.674861534588814,13.381769385954353,21.71965156809826,22.214322953866056,20.555359137871672,19.959159655319795,22.382532002265446,19.67433861918382,17.328328785191452,18.19345489461468,24.655564945446656,14.531603480459355,25.706664381897525,19.845440563951303,19.583748643821465
10151,12181,9,11.12032089426555,21.346957202147188,28.83290635223136,16.326354753419714,14.038816828759687,16.02067948630987,17.57298849244305,20.80375908907801,22.492111736280556,22.004605697433945,11.12032089426555,20.391662073108797,19.858289979479157,20.06159866531233,19.876260635423474,13.740797619399146,20.053363830766557
10151,13196,9,10.775756247671037,22.669685575074514,29.70599784616184,16.61683102280514,13.24749440063495,17.459972860183598,17.982518419473074,20.905911935003953,23.876177832910276,23.299916125182612,10.775756247671037,22.966666378743888,20.871707281315288,21.853003399203992,19.59231869098719,15.811080695733397,21.057572686710074
10151,14211,9,10.753560394920468,21.79136467899871,29.280201368398448,16.55940029342295,14.132085549089895,15.845467620927948,18.67600377249333,19.935507871467102,23.291068168875825,22.92629845468881,10.753560394920468,21.70536261551735,20.240747121719547,19.801823585930723,20.209058020871915,15.019472299936055,20.65150627654394
10151,15226,2,10.16094277501652,19.376808784479373,28.415848515135824,10.16094277501652,16.321450529337373,18.815899414281755,17.988595767579877,18.362332818450067,22.26083668444695,21.07891271922227,11.523137448804452,19.6403450936992,21.64919698755793,18.16359925332511,21.647790666714645,17.453044678086798,18.822617303578692
10151,16241,2,10.681361106612146,16.021502908934565,26.1088796541972,10.681361106612146,20.980003970094614,22.57597596337288,19.437345968197555,18.706851372368977,22.973945903264937,18.313749084764478,17.67179282892922,17.812562999021388,23.66062960713981,13.308881324779346,24.066674660146305,20.340117085384332,17.517432700300628
10151,17256,12,14.53371645753801,17.960360983625026,26.8667527071394,15.434191438742534,24.44760674913173,25.3034405856595,21.298108308908454,21.865327433281788,25.724510883130158,20.62787879621332,22.067472421548338,20.169829058966346,25.753317710791144,14.53371645753801,26.69011496902222,23.599833599683894,20.33080705066662
10151,18271,12,14.28360603350039,18.110592159285883,27.43749207895169,14.386071711171768,22.78574676767204,24.766401280995474,22.29131266401343,19.980713206881457,26.13331699087077,21.024202362436007,20.036986010164682,19.449652784373704,25.399565719101858,14.28360603350039,26.30775628942129,21.684619427248034,19.793687861991504
10151,19286,2,11.883028168601676,20.29183504090247,27.73724462760344,11.883028168601676,20.65794363376192,22.950123833120212,20.734167584373697,19.287517640688836,24.87587758979889,21.769246888997756,16.924286867545927,20.72758788748964,24.36535796561771,16.090260108619987,25.510217866363778,20.928976838546618,20.359312491075524
10151,20301,2,12.772533778129093,17.236667397165608,27.317628758059602,12.772533778129093,21.022471231717297,23.203475411776317,21.464599898026922,18.998579031290515,24.76849202818614,20.277676710659758,17.90655714243954,18.66177770069406,24.41596463301463,13.347271070270663,25.077082925003275,20.126642031670094,18.67774563963294
10151,21316,12,14.399732486269425,17.972817559396475,26.857828482821894,15.34279661241628,24.354711846636707,25.54374733742473,22.49129262393162,19.389656276755453,26.041973001621493,20.375788012599095,21.376673998115404,19.236603017495327,25.66626742688769,14.399732486269425,27.40120924396256,22.415889706386526,18.73216340946963
10151,22331,9,12.899698518689204,19.099412579181692,28.98843642445443,13.873712159980785,17.149878554259093,17.909664965724634,17.898644719339,19.379577819363497,21.420574306292416,21.58649087691634,12.899698518689204,18.312751983478673,19.707370698487253,17.18446068245225,20.837425617719692,15.283403628396778,17.221966005871998
10151,23346,9,14.075965591514302,22.390975363778463,29.113634216375903,18.72026071939049,15.878166343002793,16.703621779193853,17.56773918478902,20.697920584221254,22.481706393840255,22.599440918237903,14.075965591514302,20.38727135020222,19.993805720615377,22.393297927150588,21.021650811163155,15.84156624774334,18.678170128689633
10151,24361,9,15.505552537987098,21.248858682911685,25.759397350173067,16.845311339264974,17.273477774467302,21.06528964794144,17.67731654639486,20.38673266834098,22.84983824950166,17.978035061276625,15.505552537987098,19.680718649326206,22.081111331394013,19.603357414930215,22.444829943197714,15.653732072037135,18.134137593961718
11166,9136,8,14.332980730660461,18.40832276608568,23.30918320741779,20.096663719815815,25.907970187040615,26.73297781491552,22.950498732404974,23.083736378456003,24.49087610993995,14.332980730660461,24.68925743551386,20.16994124249386,25.925200096666945,16.550286175280277,27.643578118443585,22.722568079257886,19.849572472590488
11166,10151,9,12.383719705143108,21.491236519969128,29.77838426022773,13.154673086325914,16.98814895301809,17.675003634965744,18.36086290722447,19.53428911566856,20.289641546206802,21.820824840018492,12.383719705143108,21.332791842819212,20.6158470646465,19.939966317643872,20.492460912177116,17.223950897482396,20.444837170162206
11166,11166,9,9.980102493480846,19.95939046599382,28.962346625369047,12.179285092056853,14.75359905025367,17.331986347635503,18.606585115673624,18.851002993961266,22.5192818787961,21.43617934586105,9.980102493480846,20.13104589369323,21.310823884790757,18.746444929130643,20.6324017105911,16.000971901395133,19.30335700309544
11166,12181,9,10.814095404163306,22.12093736262451,28.592961330004,17.473385192921068,11.351166657859906,14.223582500668252,15.551487317457251,20.089981144563488,22.469999182572565,22.326494090629502,10.814095404163306,21.143732234501794,18.642009867060075,21.830755848058352,17.758415618318725,13.73775949009801,19.223170340798866
11166,13196,9,8.892599151935052,21.893689838942397,29.756701171304137,13.516260983915412,14.302638479988435,16.292509732734505,18.234342584931575,19.227588891196934,23.346134681322287,23.15553570348539,8.892599151935052,20.66351097271725,21.030453456433932,20.80384171962928,21.103812219032825,16.187710553783827,20.711376372989136
11166,14211,2,11.146254337904166,19.3463039924813,27.825329628339233,11.146254337904166,16.864684910450674,18.624380172962617,17.483662832805646,18.301278679670276,21.880003417221484,20.699487458434884,11.887312097823381,20.183009746348766,21.791341306758525,17.851034175371502,21.4385199967378,17.99481144132218,18.933163179667254
11166,15226,9,11.595880050777595,22.640817027609618,29.039660054639572,17.60062474037736,14.076012361748298,14.71451997142543,18.375702374448927,20.937293488968564,21.992743228209186,22.702509989001463,11.595880050777595,21.016401069269516,17.78745257652168,22.34058237726386,19.85148209650233,13.948563820430017,20.338675811347933
11166,16241,2,9.888164392692847,17.974483747888844,26.112001659319517,9.888164392692847,21.169560464297376,22.976631181225386,19.757330794119962,19.137196010405532,22.277228311056888,19.11952926069639,17.210321718869412,18.890258465348968,24.66871797506162,15.769590403070584,24.926042325178962,20.80504234060855,18.661942398364197
11166,17256,2,14.191368914252608,17.653512663239024,26.628978808444412,14.191368914252608,23.07981221340807,24.768396047133052,21.459312114972505,21.49632502801176,25.322161529934455,20.2816725795128,20.770100916668767,19.774430282805575,25.566956119749594,14.843730210275975,26.251050074697787,22.89373115680352,19.87749975704506
11166,18271,2,13.09207136080561,16.61249977992897,25.53824142428212,13.09207136080561,22.909890529867447,23.48677443549229,20.747599558278303,20.451129505521635,23.660186805829916,19.124303726066273,19.86173347152601,17.988899759612206,24.234600352935693,14.09857703514511,25.680489489592578,21.798526124380576,19.073503239587772
11166,19286,2,14.66326533056535,18.105476801771086,26.463513742050974,14.66326533056535,23.58904553432704,25.46539354668129,22.03409009080987,21.703875740233947,26.316404040434488,20.53774108901168,21.174602486082705,19.97020090877201,25.809324083436856,15.052624063377186,26.936958951674367,23.22003088315796,20.30773688608479
11166,20301,12,13.87096782004767,17.693369611591486,26.459211113420707,15.02463718208863,24.018600471944335,24.946462146054532,22.821563187187262,20.404564395972283,26.238725587862874,20.697146879947795,21.174499834130692,19.70246182996412,25.535497397769337,13.87096782004767,26.84013444554288,22.955373397015126,20.16849007859787
11166,21316,12,17.48280440485434,20.951936855967112,27.07717078320283,22.69224234803559,27.723648572142494,29.237198810492494,26.56118368684563,25.950653073745123,29.693941962744194,22.968397802706328,27.13956801041009,23.26311197314852,28.59406241529335,17.48280440485434,29.273112324193526,26.463363413717463,23.963731140196813
11166,22331,12,14.67972066607104,19.622977015267963,26.37460043363085,18.326144343807425,26.65341366230775,27.214433254346915,24.513458440556455,22.399950800269664,26.60027270461027,21.294421012317386,24.574313462856725,20.944260996732936,25.931789535601098,14.67972066607104,27.556829210471328,24.515282425830055,21.28026642717417
11166,23346,9,12.462027435523042,20.57348428806938,29.413198616434087,12.838800601838468,16.18340756730435,19.06055245801726,18.014048580870675,19.71162840453278,23.81029413451079,21.982378727139494,12.462027435523042,20.600455535626466,21.176263226130754,17.525372217860642,21.48422680726371,16.803142472480932,19.388845471050928
11166,24361,9,12.638818456635589,22.845872861503704,29.4847242853072,16.84397190582466,14.388345742880237,18.064459431043655,16.35080129956954,21.28605424268724,23.34153373406091,22.771835619506586,12.638818456635589,22.54059834633591,20.0892380370052,21.83588059299283,20.016441908725383,15.936417948929057,19.48766113575077
11166,25376,8,12.927465743353896,20.168908452820755,20.753012009744147,20.135332948631874,24.226985200165114,24.634349796105788,21.991442968601014,21.52038753636173,20.04182314957791,12.927465743353896,22.064122615240233,20.663983187147753,24.315732765380005,19.284360269310035,25.771022493331905,19.684218403040507,19.924645302753476
12181,8121,8,12.873081429240116,16.983419589428877,19.23476867749155,22.974458457277883,27.250776276950997,27.379648321061975,24.45861966637265,23.783285180934328,24.283174470908275,12.873081429240116,26.582696867716766,21.063927065464842,27.00826489438791,17.364289497236896,27.872659259106698,24.5863237064464,20.736320498704078
12181,9136,2,13.388864514223522,20.673417520021793,26.923774478977503,13.388864514223522,21.357637294530367,22.256234776095287,19.083840413157453,19.611535533604886,21.275198519507352,18.233307249242905,17.53978152619768,20.705311313857308,23.60133806750005,18.107094832749876,24.480777878437042,19.69605527508494,18.76158425059944
12181,10151,9,12.430889378354015,18.80774644829933,28.25340837953667,13.582850051393915,16.121807494752307,17.722443493791115,18.248586447233823,18.510140551981735,22.773284439616265,20.30343433250654,12.430889378354015,19.570938125760463,21.143071008922426,16.52936754803263,20.607389982837844,15.92465682662208,19.17572621211848
12181,11166,2,10.765445511493416,17.901520213009395,27.056383606055757,10.765445511493416,20.89382993432181,22.073940442243487,20.441625095358383,18.93698593054968,22.209816634208128,19.628772018689,16.600869030555156,18.999819788180634,23.87842747173243,15.216547155254581,24.314591734787694,20.03755659380221,18.693996078218422
12181,12181,2,11.654750389750658,18.624820634721072,27.444634026280305,11.654750389750658,17.332848443641375,19.837301308126154,18.675198217313365,19.491663249585635,21.86050089462368,19.71689499914706,13.643785890118624,19.150692468637374,22.074991446728017,17.085184358940726,21.72350220844929,17.487259600378877,18.762580459159253
12181,13196,9,13.574917663540605,21.17643349665731,29.838647282355208,18.37684729796265,15.601570541698784,15.296513759952415,18.717721037875,21.223870648268623,23.489195473558265,22.37184934623169,13.574917663540605,21.279654576776345,18.60219039130721,20.058278315243356,19.800906212647437,14.959593428076152,20.620135434347986
12181,14211,9,10.287187970025489,21.584796764000302,29.47454839861816,13.76921108629363,15.297656217965649,16.90016171282024,17.766390451268244,19.218204898769407,22.36436483801261,22.676877279112528,10.287187970025489,21.605061420198997,21.97025783764643,19.648904885045336,20.468190403409906,16.810488371452827,21.226632106223057
12181,15226,2,9.320553331905026,18.343623857434583,27.862019280970877,9.320553331905026,18.05331123607365,19.786632593122373,18.065111614266627,16.426657622885,21.684369726627555,19.488465509984017,12.53228233594473,18.233164353305444,22.27291286956473,16.081646520595093,22.870898327965122,17.26696783795689,17.63829322916217
12181,16241,2,12.183235270108515,17.171953928651845,26.474058999159283,12.183235270108515,21.90142175357114,22.901775644593993,21.05639774782132,18.342337610910313,22.8833006398448,19.219989963512827,18.06379137006695,18.268610728481573,24.78882911724131,12.253121466730303,24.996985496360445,20.169539858628983,18.48371276077797
12181,17256,2,10.554651291864431,18.424468268629102,25.891248133264618,10.554651291864431,21.602254680281753,22.32456111586733,20.050433263579947,19.11195210385543,21.627564912347797,19.125579611431444,17.20173251216219,18.943789984407154,23.372921079761383,16.227366345787974,24.894353869808455,20.689509819590498,18.977950972718368
12181,18271,2,12.413174630796444,16.421066196806024,25.66373621876028,12.413174630796444,22.819747499195245,24.041571434283792,21.712834437933637,18.283336980514566,24.159398589374273,18.50901246858939,19.366487491840097,18.60847932081055,25.26050797453499,13.537574610979977,26.3358886650299,21.576521765823184,18.080478946613635
12181,19286,12,15.129168205667385,18.257634671094095,27.176747043878095,15.926623358873055,23.311122599211643,24.976270012231243,22.807549595170503,22.410555216407598,25.99596688683434,20.633601184623455,21.230986127346252,20.233447690925846,25.639533823255935,15.129168205667385,26.386984916566,22.391257502190093,20.873100527588004
12181,20301,12,13.042780688018196,17.924063290097557,27.52649137932782,14.503180108714712,23.554863265361202,24.56592465785231,22.541293052402274,20.66449745494645,25.9589905714211,21.540527200851812,20.456807394687733,19.560067598318398,26.0547740973568,13.042780688018196,26.73529369716911,22.605846876080044,20.43778288598477
12181,21316,12,15.378974914639674,19.56532430630415,28.110012742596695,16.592284213212498,24.146164095250043,25.91297651498287,22.85718443549153,21.305740913213175,27.203836280150725,21.944761971875252,21.799702623786274,20.795033029359537,26.551010420662834,15.378974914639674,27.454534522708705,23.149015448756437,20.798837103146777
12181,22331,9,14.623896289156185,20.21214750602466,29.494591435514184,14.859351360981798,18.20450174009388,19.379797858066237,19.132047570038615,19.4468365887616,24.76159759070444,22.075066875449966,14.623896289156185,20.271249516949737,21.934569128280323,16.27718464092208,22.5637536454907,17.61243930203396,19.828506794988698
12181,23346,9,10.160786825170957,19.959277279133097,29.30103288367714,13.432694310597197,14.134745425433085,16.38788526873754,17.47607838317063,18.184064089355548,23.061847728599833,21.958837099323087,10.160786825170957,20.294105018174225,19.867731899638876,18.31105489788686,19.241730382423174,15.752909714811523,18.374901990594243
12181,24361,9,10.38767668432667,21.593184201523336,29.01437265299848,17.051892292658096,12.071550955448553,14.634265721579343,17.651957558122284,19.755664760362745,24.145128293425007,22.80127295228564,10.38767668432667,21.94990103371589,18.996776655567803,21.322336430081787,18.94810936013422,15.22574302976432,19.950771556077655
12181,25376,2,17.59010605374337,21.712987000120258,26.338491380920114,17.59010605374337,23.730784495255694,24.296126404675835,20.735183717584235,20.64245098064345,21.648659727640634,18.125714738518788,20.462217825411642,21.523589913523352,23.89923100304401,18.45085824806904,26.093031132559265,19.63798154369441,18.6290356036851
13196,8121,2,14.686302214224025,17.445636122496577,24.337647677128718,14.686302214224025,22.9244153026736,23.764724435847317,20.741476563741628,20.49939038712971,22.870544643253066,15.576351738526695,19.88816441683823,19.20593870617933,24.963733899424646,15.547111881803358,26.151508389503924,20.84261671183279,18.828211126337937
13196,9136,2,10.654186301727337,20.061540723598434,27.449424926177752,10.654186301727337,20.533266955802052,21.76150430626176,21.17979635495447,16.317785736832143,23.02960558125521,20.510602759751727,15.615623543068159,20.298710085410846,23.823211765776726,17.265044809825397,25.167397540881826,20.066318697796444,18.539072882017532
13196,10151,2,15.042741880091084,19.496320657970077,26.613457070669313,15.042741880091084,24.118545204796945,25.085627390903838,22.173098939328884,21.847479980996052,24.664654325809444,20.76026518002058,21.649759344096196,21.109152553780724,25.25294797384842,17.19766566302423,26.385041967238145,23.832453479343,20.815002865737103
13196,11166,2,12.30789884037001,17.286036312457718,27.037593461803056,12.30789884037001,21.601593452518483,23.703522672284695,21.45934119258338,20.272042475507945,25.483570454499855,20.273006040375193,18.304440626413296,19.133098878654543,25.689545038019457,15.135892034226485,25.795749786815787,21.850092154374817,19.749754228952618
13196,12181,12,14.481151213862987,17.689911120346277,26.577282741983208,17.162421318047606,23.855568174562467,25.69102622120137,23.25970747758464,22.7354667968424,26.962841839214118,19.956800139106754,22.16750021421458,20.306093329583888,26.506829739136734,14.481151213862987,26.487972446423278,22.955675935207182,21.527980837947133
13196,13196,12,13.695050967949252,17.036579109635593,25.82959761833109,15.166677852249212,22.54294737159243,24.209971798714765,21.733960056863772,21.04301429613866,24.765840630862222,18.76260114419632,20.187411872491996,18.64515373659043,25.107107858662356,13.695050967949252,25.739386382967695,20.88248331002595,19.38966309923753
13196,14211,2,13.127482373607998,17.894321854631563,25.851112458043247,13.127482373607998,23.240047074088515,24.145378172951112,21.374746970127834,20.62590684066387,22.909734054313493,19.198367800509512,19.810666212420024,19.41735888283774,25.07543108356813,14.744496682023694,26.224051084704918,21.910850298224464,19.57437321122547
13196,15226,2,10.956784601035471,18.43013078609502,27.219511237835462,10.956784601035471,19.96591169438402,21.668216281689855,18.900785417614365,18.503790308593825,23.287317651922628,21.151348057706212,15.832050585582074,19.57552098101315,24.793928963708748,15.234238829094565,24.594909249777754,20.671883248158945,18.89790676836251
13196,16241,12,11.726761560615593,15.811349209530535,25.773686360234365,13.644128894080817,21.43952620598455,22.44594783803365,20.94170838907025,18.693255625792645,24.3183066609225,19.03907222616462,18.796792208889457,17.42126984916626,24.37203626861277,11.726761560615593,24.680426890441296,20.52539242659092,18.775545719385857
13196,17256,2,12.347237103682222,15.601196758460336,26.753426292318878,12.347237103682222,20.27181831901416,21.886175723746405,20.27568553624699,18.85135288759451,23.682000143573873,19.322423186319554,16.9717615171893,17.103162382459356,22.897817865492687,12.64751397894058,24.321943501295678,18.897210958751245,17.14564612282572
13196,18271,12,13.59096517119155,17.329538034377585,25.584376894517376,15.12049349438494,24.163793521203285,24.2850193197133,21.911688917615585,21.17815719000084,24.410774945992532,19.690509041130152,21.526566940799647,19.49662742498732,24.51929989444764,13.59096517119155,25.71887009528541,22.862755934946396,20.018760961174696
13196,19286,9,14.146553179951326,19.858389232060542,28.77720933087135,14.29884619836285,18.566920107935204,18.658469846347433,18.576000918014007,17.327357492641777,23.243679582571044,20.890706569344275,14.146553179951326,19.921456307268407,20.695415753505248,16.79940868943471,22.59805947868436,16.943097692097513,19.13015228132242
13196,20301,12,14.072010626414372,18.42972228125376,27.71007064327665,15.253427911842682,22.434975234498218,23.922321195759476,21.993220159290317,18.090007073100555,25.397441058201267,20.877154834371968,19.487329952035907,19.283497380864585,25.227497059073357,14.072010626414372,25.290378669956098,20.694443497137026,19.199016589488306
13196,21316,12,14.529315965914073,18.547364592257424,27.10960264782568,16.182333065916147,23.55728060339334,25.112457338881114,23.177848305088023,20.153293309500445,26.34638422669693,20.555150860792967,21.065729095618128,19.942856919876398,26.038481410051805,14.529315965914073,26.522129349646644,21.958035855271213,20.007303994615082
13196,22331,9,9.235781792623717,20.79038711172367,29.09039033000692,15.324835500785474,13.858246226674598,14.394544509755645,18.329288601047445,18.307860090288774,23.172762164365064,22.358484036225697,9.235781792623717,20.544671274356663,19.662251331596536,18.920804522474057,19.72946458153271,14.820414361419031,20.13018544221078
13196,23346,9,11.293787354141545,21.74174033118993,29.282271567617737,16.592409924283153,14.274182909842281,15.255552846437423,19.303262999474136,20.477936288811716,23.812324039587644,23.20983153212844,11.293787354141545,21.980206726752073,20.717314123927647,21.617855047322983,20.07120050352542,17.33242225024925,21.549875613297587
13196,24361,9,10.907295670817714,21.75795868208494,29.90544506277654,15.682183225229153,14.581024501318263,15.012224939671912,17.843266143233354,19.98193591560644,23.109474331508807,23.22255255428359,10.907295670817714,21.83224916453646,20.76885208798753,21.48037501141947,20.155362647080224,17.292375816618087,21.21855387448261
13196,25376,9,15.825041553668575,22.08307960123143,29.628723031305363,17.009707480314784,20.149114667286742,18.939032217002392,21.80704930701767,21.02621680002138,24.07218087146563,23.069202398162457,15.825041553668575,21.761741720608246,20.904273426530235,18.99881031648191,23.400568751969463,18.180863222667565,21.478995130566457
13196,26391,8,14.41510658301974,19.033211001029542,22.912758467439538,16.660736038379373,23.397341089677987,25.352791819183576,20.722627270110028,20.895503442006955,20.938361033324718,14.41510658301974,21.23813114196704,18.113613247254758,26.153090677715323,17.911557845983328,26.988044386256394,20.53467109990787,18.10297758563584
14211,7106,8,12.610486845519702,18.110896124659448,22.11908166826892,20.30562977188206,25.397929279124217,26.435731835872648,23.318412518781347,23.08393412696867,23.13602950521098,12.610486845519702,24.164940974809355,19.922212965553864,26.189338719016416,17.276101794051506,27.35812250523635,22.173641799157867,19.880490306222143
14211,8121,2,11.68916938144088,18.738195019214956,26.800832635663756,11.68916938144088,22.136591242341076,23.65339873600275,21.408650848374347,20.8033640743603,23.028931797359604,19.821681652988005,18.296781486013465,19.778118304325215,25.485673843380372,16.189016560219663,25.70110479874013,21.468607923740993,20.154225816378077
14211,9136,2,10.92314739453814,18.565204777178824,27.213316892338412,10.92314739453814,22.504984236638535,22.58496017149824,21.048783486334983,19.26889986677169,22.39127449910925,20.0525970947212,17.871149139053713,18.60297534630464,23.48437280397513,15.036985142198732,25.58847899302282,20.49424178432301,18.852501509249112
14211,10151,12,12.502969875130463,16.0082614964906,24.984264496104558,16.64919000040859,23.35674679358237,24.663702115059255,22.453876538798898,21.36838649010991,25.522056876935448,18.2023943294958,21.687899916049798,18.330188215760455,25.634064289088894,12.502969875130463,26.147772202222576,21.832100352734052,19.733505909599454
14211,11166,2,13.056432454708835,15.996333305396782,26.155681699839505,13.056432454708835,21.37764525059525,22.95867374651616,20.856651619072313,20.070648933051537,24.30558795229814,18.799548285838263,18.556882826920823,17.68491324804207,24.896663988162288,14.113284101841817,25.15791884822545,20.711627034896434,18.54755231751096
14211,12181,2,13.58840148427996,17.384048232023286,26.541997204884424,13.58840148427996,21.95922911432558,23.4482857733642,19.6396725894762,21.626625006054102,24.53492863229465,19.856673235255922,19.294150819402702,19.790506492852046,24.976041210703777,16.02258251428666,25.214274893931723,22.135650490566153,20.30304088414903
14211,13196,2,14.41627867552455,17.727922167045502,26.44461198320255,14.41627867552455,22.850710284363895,23.787317743887954,21.495397838385053,21.497794944541294,24.803093327914013,20.23960381575254,20.035670283461826,20.413364477770212,25.553556420087407,15.75441468475616,25.98779204034784,22.7952899534696,20.506046339100298
14211,14211,12,16.80447968869569,19.142464555564462,26.766740069869417,17.08568399458071,24.177565750958625,25.19048638871308,21.83898602864728,23.077625590189562,25.465083975525797,21.083148627666198,22.108254769377563,20.738428516186723,26.196196664580718,16.80447968869569,27.14928961336636,23.656304423193973,21.10033505204574
14211,15226,2,15.38419666840015,18.73884761048421,25.13716843574617,15.38419666840015,24.562574416165166,25.853725393454944,22.04581334978253,22.397049688307685,24.581727687069964,19.467005638754245,22.288593244083692,20.588869471507106,26.261791325676764,16.818300262006495,27.454581186696466,23.87230253113503,20.545734685486483
14211,16241,12,14.75034886712503,16.989829368967868,26.20174980001737,15.744511305838383,21.881699664858864,23.763676663267926,21.56090988395145,21.211172957813936,25.84874720552695,19.730138905731085,20.141539952009246,19.413539498210074,24.92578439691251,14.75034886712503,25.703215572392953,21.552581348080253,20.02922471197797
14211,17256,2,13.78458663788214,18.804373477133996,27.62810608102958,13.78458663788214,22.878203665089,24.689237339864707,21.992563481340845,21.406775583980576,25.727575624448622,21.610562560120385,19.99710626469279,19.950933370857985,25.577287278957243,16.218465942549763,27.03267555264505,22.852837037474604,20.943288965577526
14211,18271,12,15.289268732574714,19.24730585914798,27.50053367097156,18.46837346670798,25.23027899946138,26.659866545917108,24.82758031882519,23.20479127796357,28.26766829635324,22.453884134502704,23.33031329284594,20.749760985313564,27.422704916389154,15.289268732574714,28.16961758309188,24.18373617103154,22.43929911057208
14211,19286,2,12.091168938557107,18.16058630662544,27.83483975386864,12.091168938557107,16.32555813027958,19.38087586852204,17.63195489837141,18.52235582267216,23.48215646231231,20.399533968616645,12.613258957412546,18.83460526361749,23.01902376635312,15.56324502749173,21.967427802564686,16.936426621673462,19.417870623928597
14211,20301,2,11.379944185789611,19.083478676379652,28.04934959165555,11.379944185789611,20.078458682898965,20.83330870340367,20.205006123186955,13.682257642870233,23.24527533677164,20.5539477216203,14.573825543947322,18.713727831761787,23.10830045949205,15.937656104973097,23.608126795242878,18.430053426734098,17.291355543759725
14211,21316,2,9.46660774417678,19.787302476233243,28.792778358687727,9.46660774417678,18.75985984424634,20.123174564016267,18.316099767050105,16.90202891977867,21.80690045960688,20.803561105586166,13.08179730593436,19.2834811385377,23.00420013190128,17.332454986259194,23.500995722658896,18.249549945600414,18.289675019211526
14211,22331,9,12.044318648459354,20.408786102989332,29.392688275013143,16.245561700862694,15.123017920340294,15.810806968655244,19.02441950576483,19.18082173709379,24.58750781930097,22.352347408053276,12.044318648459354,20.958633463158172,19.79451519104357,19.8490071365474,20.274954299697058,16.710025640729445,19.921848306169935
14211,23346,9,11.967500372483176,23.599765099369005,30.770550563293305,18.59782364011505,14.071843436593685,15.778140529639984,18.7786855472164,21.504072484443682,24.228152443689662,24.76847264345372,11.967500372483176,23.575144267356993,19.52875067320874,22.583858654418307,19.28135554677157,15.996721390540555,21.67650144560726
14211,24361,9,10.034552673902892,21.318967368342808,28.878394954578816,14.2407713262513,14.648638546990385,16.94117883483082,17.827040811116063,17.605601643929024,23.21241610303386,22.246816892613072,10.034552673902892,20.95184967173445,21.215155828801386,19.89746669042377,19.979471927148026,16.50245327116921,19.050133032978398
14211,25376,2,10.67503100010551,21.56728638912492,28.794148275384966,10.67503100010551,19.131563037605503,19.78842800089107,19.497714065580798,17.521188756998797,21.623933242130647,21.704749216282654,13.213570521783762,21.066592461485637,21.082370818711766,18.68828119296661,22.77969203501863,18.349861840770743,19.577693581727452
14211,26391,2,10.222224121470928,18.170698848138716,26.359151492709174,10.222224121470928,18.323825106668515,19.708783243906083,17.070234918491636,17.07593641077286,20.107590050153046,17.948360577555864,13.44724233910795,18.133668354894343,21.339985490892097,15.636355475768163,22.473591537482505,16.707982889508738,16.468397410429844
14211,27406,8,12.679212231931666,18.088505340693526,20.26105798085677,19.80188286334441,23.90988661137718,24.928459472226333,22.513714880611854,22.096413383888976,21.39630057523343,12.679212231931666,22.44188270448574,20.396988527787464,25.61941758485415,19.190621078413734,25.840980665205535,21.604466615707587,20.16693418723561
15226,7106,2,15.68509323754873,19.34333289918676,24.429849257428838,15.68509323754873,23.80025272648099,24.39886177052639,21.810810949091422,21.55930111469022,21.63844062164721,17.124340780828174,20.4271012938094,19.424466316241094,25.687235038446794,16.78033741150793,27.45182245900023,21.22226319026175,19.676036086105018
15226,8121,12,14.232404530971689,18.506075378886628,26.500904252057563,14.356615045614339,21.57015311693187,21.341051518067896,21.2613173261281,19.485430993912637,22.713770495081025,19.631609788520873,17.697000048991445,18.720666459471328,24.338548604615276,14.232404530971689,25.2207331377736,19.343295917858946,19.34278021311161
15226,9136,2,9.201750147732552,17.822057447487794,26.46229840462187,9.201750147732552,18.573425600782603,20.56600802655811,19.224727543959762,16.717544741241756,20.607464051711126,19.022057657076093,13.906626438024677,17.806255369540985,23.360494177639026,15.462725998361229,23.29211373350731,18.07979349904962,16.95498612765859
15226,10151,12,13.109447991552292,15.54134489968476,26.11834361048448,13.466899208612988,20.644811400763853,22.95677987755422,20.93289939933561,19.385690753171357,24.41238794405244,18.0331179910099,17.761900610354683,17.419821369686566,24.812734615367848,13.109447991552292,24.614566761603122,19.267673576041673,18.630721587989925
15226,11166,2,15.140913720052461,17.995859573563155,26.756660904618016,15.140913720052461,23.079996876664026,24.597326787238515,21.516857554879035,22.17888304981021,25.383693253376844,20.436776634273635,20.98771738376958,20.02570959885468,25.421351089566205,15.957847013831783,26.315888511207245,22.910419729972354,20.672305765666657
15226,12181,12,17.806541676246294,20.422317915287074,27.650839017847083,18.15373204022097,24.948545970628402,26.504236911893123,22.327952708185187,23.869434383349613,27.188730844652078,21.940461292232094,23.07493976655434,22.258033774509027,27.279409325452377,17.806541676246294,28.14913282326356,24.42802166925016,22.27289114004349
15226,13196,2,14.228955495040069,18.696537111448915,27.33639269387973,14.228955495040069,23.77634598525263,24.940278049016857,21.847626381522886,21.788942516436478,25.359027441287925,21.4164664952723,20.864625252031722,20.419110202072822,26.231664239825044,16.72361079200479,27.15683673153026,23.671317294971754,20.867920467780326
15226,14211,12,15.129316127586277,18.38149478147542,26.37217999767275,15.64051362351481,23.102108856311922,24.912493166002957,21.908437034244105,21.752931632372697,26.21575203726368,20.60922878512387,20.84460229967085,20.52039133062994,25.796628540268422,15.129316127586277,26.43480773865997,22.736487873279316,20.971358492098368
15226,15226,2,16.02088560086025,19.65937109686688,26.89943172070464,16.02088560086025,24.062816096415578,24.739350906886845,21.83818330122121,22.92147101670737,25.277863536841807,21.91506924159394,21.74713964483231,21.690911348809216,26.144161516681997,17.776395757228887,26.901946377205494,24.35309184038532,22.03576240365721
15226,16241,2,14.584971873264376,17.93150685081402,26.662574826200792,14.584971873264376,23.505534382744276,24.635634375581173,22.102217897598923,21.255551390759962,25.721192015191793,20.891275935885428,20.826429427240026,20.043368677974495,25.713807550745408,14.967786878442517,26.863338288745222,23.22226082055828,20.576824527686234
15226,17256,12,13.23994792046673,16.987369659898402,26.327345231563285,16.047687927909518,23.625471046373438,24.593750144706497,22.447215827022628,21.000560799898775,25.12329774244915,19.738716065583336,21.011225215481822,19.064472661315868,25.537863098733755,13.23994792046673,26.73573714283645,21.950181891812818,19.729002451628574
15226,18271,2,12.10023166556771,17.693207624016907,27.50227713297566,12.10023166556771,20.43581300057219,22.294636138713237,19.731607940281094,17.861689576843936,24.535887177206824,20.363312285930537,17.12450737263713,18.328226044413647,24.208434447075575,14.470000996950702,24.900864830123346,20.02967269061043,17.54946359470054
15226,19286,12,12.663854954606803,16.082209396907576,25.972288498035617,13.937700444157842,21.766102607370197,23.501925121493517,20.502713108760922,19.852164922487912,24.014774451355116,18.81791418539622,19.58080690183194,17.95816125270276,24.855782283511108,12.663854954606803,24.825460856833672,20.899682890388494,18.254455536910456
15226,20301,2,14.216611908602044,18.492733191284852,26.981662024163157,14.216611908602044,22.546445894250162,24.377371576243792,22.093974873733785,20.962638505414883,25.671418807095186,20.949641238412262,19.81242847512975,19.3796004181158,26.034726057575746,15.697461981912639,26.68098753924315,22.38333309556495,20.263190343971537
15226,21316,2,14.191931468484373,19.518343267306957,28.11775885933005,14.191931468484373,24.011044522233295,24.7939719146226,22.14960701577434,19.759844843394458,24.37438255691963,21.39280790762312,20.429564206602965,19.640868723749037,25.614609194481986,16.379618335809777,26.751956164222953,22.203518780178577,18.88027920950592
15226,22331,9,10.680474015616158,19.823319157192184,29.500865794530732,15.216081084373302,14.265783750144987,15.711545264839367,18.38919734997408,19.34036152557192,23.213748531016353,22.313781594478485,10.680474015616158,20.02886359113771,21.348161086622724,20.027045621413915,19.92404382479555,16.4034628654767,19.93223346021925
15226,23346,2,11.720171050820285,20.510859694192643,28.23457381116814,11.720171050820285,17.35764919233377,18.915874245740042,18.900126867178873,15.94402032631581,22.160411523148483,21.513563994144075,12.011770741493415,19.452471426925758,21.67858652691648,18.89594435362243,22.45754440852924,17.832931316379895,18.152054558761773
15226,24361,9,10.488954392825297,21.796619908329554,28.80546223368984,17.134590253014903,12.289700300774234,12.861287315812547,17.37875545825958,19.704147109319436,22.738207668055868,22.62400427329715,10.488954392825297,22.106872657643983,17.616075864827536,21.853083400499592,17.886561912229446,15.486469034340233,20.231583833425372
15226,25376,9,11.807924153146299,22.35661219438611,28.621361014686126,17.529153809409976,14.491183558187883,13.58361283332531,16.24615593373298,18.56992464178809,22.187847737765413,22.24926188181226,11.807924153146299,22.66707179479429,16.48709481632178,21.81067676044918,18.357130622733283,15.534105896127418,19.80565362268609
15226,26391,9,14.07437337084355,23.4048648039205,28.606947320887446,16.307840581804243,17.96887551598601,16.440895278926668,18.101703975637246,19.38675819884273,21.293854465684696,22.542840210108572,14.07437337084355,22.96990159152394,16.488447961883924,21.250859526114944,20.63572007196177,16.99523993648176,20.103892686795472
15226,27406,9,12.684245398594257,21.65849494035796,27.76254419932171,17.20452309666623,14.818279000883045,17.268176446145866,17.68068197079923,20.88131447043472,21.796312227259264,20.414021846042523,12.684245398594257,21.704955198912998,19.98532231869259,21.75646640875768,20.229145825117886,15.005255138302124,19.513386587797438
15226,28421,8,12.984809326063003,20.100620852549262,16.386783743786086,24.97423870901768,28.154345304303483,28.951271320978023,25.88944125266434,26.609294099167478,22.800401205230656,12.984809326063003,28.005957174814476,22.861981047074785,28.709579957172952,21.91522288714246,28.166502619728266,25.406341023472923,23.63541342222503
16241,6091,8,11.599871950549497,18.513249267756283,19.53308352090291,22.339022731680174,26.30714557277237,27.026081635418308,24.137131389553208,23.50413406514333,23.232009646287782,11.599871950549497,25.346203615723354,20.18684192004579,26.797562668207842,18.24648541226803,27.85528418644637,22.576886502472565,20.7769125073623
16241,7106,2,10.82123892282501,18.09304215239651,26.724465328449806,10.82123892282501,20.03197588736001,22.207299554384928,20.69720685979735,19.741048715675486,22.404054682140174,19.738787988814117,16.208841445287838,18.286370725684257,24.659231025605436,15.85475897038983,25.140814941976352,19.71384218252739,18.668511337513422
16241,8121,2,11.873505815107542,17.227388506665367,27.412306125209046,11.873505815107542,20.61979413959345,21.957269639353726,20.89536291641339,19.418588693555982,23.29922413319181,20.431868215672264,16.802574260338034,19.46965689901385,24.235297964942966,13.757913400416932,24.051389105260625,20.488954191691807,19.51834605573929
16241,9136,2,13.248769201261997,18.587436533321057,27.217770320268144,13.248769201261997,22.604058277560174,23.16135481192538,21.603043693271086,20.39584911326115,23.95459935490918,20.646427364977395,19.183208292005542,20.238892659227243,23.842765719742857,15.682813151541385,25.27718398870833,21.900258766713957,20.085501150586804
16241,10151,2,13.875095302084649,17.946247939447854,25.947128268126217,13.875095302084649,22.61189206323267,23.342232463854454,20.574230441884445,20.85343914624111,23.45119503666479,19.537331635317596,19.64683692269606,19.689482003822857,24.831855790306804,16.182691389120826,25.80033570814092,22.202479838808035,19.60606053506345
16241,11166,2,14.062375549866895,18.502082557863464,26.626671945936547,14.062375549866895,22.318413001055685,23.90176646302287,21.574143256753374,21.157980749553655,25.122699287660854,20.18174150056906,19.285292074975448,19.909005840106406,26.088836858233012,16.608587105701176,26.793778140039098,22.142421011262943,20.418893059225606
16241,12181,2,13.485356473860017,18.042955901977823,27.022219149302344,13.485356473860017,23.34706044086141,24.531908425424373,20.82879880212132,20.430273204449733,23.98303944043687,20.508670309574654,20.317312842653582,19.275427099983748,25.92719635868976,16.448152523266828,26.92030495826921,22.7784615181855,19.175323253878773
16241,13196,12,14.75873701667909,16.960856654825367,26.38110946592295,16.2096841002675,23.464232177066457,24.736293777850143,22.26768200207164,21.65142630217223,26.283391196817604,20.095336721879498,21.376537896431426,19.61259573327531,25.969329152389168,14.75873701667909,26.49534049978547,22.888752202974334,20.113874277574205
16241,14211,12,17.029440003300863,19.546101143740398,27.455484887189247,17.203819807696195,25.09392735321767,26.13237792083546,23.440626611679054,23.33769884800834,27.116081139115288,21.72288186401011,22.837022871320297,21.95693291114361,27.290807841622815,17.029440003300863,28.378549524040384,24.753452520777707,22.185793053225513
16241,15226,12,14.695656930848902,17.065254416222942,26.28803288231163,15.740422042283042,23.927398590334125,25.20789453140562,22.091106730002227,21.303833833985777,25.956247215304934,19.909874262611112,21.68756832561765,19.356322095485552,25.775352485682202,14.695656930848902,26.732100128246287,22.972832154453844,19.40025163341101
16241,16241,2,16.029623397311372,18.937987242972124,26.412835353862707,16.029623397311372,24.50321676613922,25.723986264088964,22.762086453771296,22.34015963259472,25.7556348618701,21.100975594532585,21.97296239698277,20.02746145171491,26.50523501080141,16.482759827358134,28.020502251423444,23.48104355986617,20.819212722830507
16241,17256,12,13.956022031866244,17.1959974390032,27.23930563400257,14.227652221279131,22.025167047993495,23.73085079263185,21.699029846817734,20.74279112056307,25.027963069417186,20.60975730974474,19.32037781077867,18.49564808430566,25.327294937059897,13.956022031866244,25.932773474956473,21.12635217260269,19.586914080686185
16241,18271,12,13.821979514603386,17.651194320608184,28.10548793464833,15.146009553865941,21.710942985312748,23.77558687739382,21.50912522713453,19.455937852010774,26.711116199443218,21.009176230726695,19.17339180261976,19.167700191552882,24.867252205972722,13.821979514603386,25.679090203965092,20.728023798166184,19.362681257839387
16241,19286,12,13.72496783003331,17.14816662183803,27.070007000550767,15.154401029766955,22.397706906775927,24.25717162607668,20.387722745381094,20.940730161045984,24.742040363487554,20.410194471878217,20.057544118669487,19.123427314178183,26.64728492059506,13.72496783003331,25.914907362619328,21.83796739138188,18.80822584240595
16241,20301,9,13.815225369819181,21.593378334160843,29.412537314683174,18.166253818381215,16.017792543163335,16.665768382123566,18.079879408854907,20.316413257904035,22.66460931441159,22.403091995118988,13.815225369819181,21.188095796796507,19.506635328009512,19.616718575017657,19.515235265447494,14.109620662103048,19.8563309154001
16241,21316,2,14.184045289607225,19.79003349819187,28.089221975522825,14.184045289607225,22.442755635977264,23.25842954211322,21.253151512671863,20.083946312389273,22.260912941400832,20.734203173882502,19.255169172207534,19.59463765184843,22.841319746817355,17.16130777947677,24.620638870018535,20.25257081438483,18.762193373607655
16241,22331,9,13.48753500892718,19.83516145887261,29.050976529264084,14.845839331905944,16.574198482492577,19.038101847900492,19.99198445364526,20.290084009126463,23.740718205890342,22.47322586131493,13.48753500892718,20.091800734491514,22.84459249934854,18.88886785328882,21.514348807906853,17.951829679053617,20.5131975567484
16241,23346,9,10.581142662967007,21.429710423024645,29.63805249196946,13.87816357253396,14.679177177435086,16.577665817612992,18.22945076602433,19.214949035110834,22.004154368170326,22.63298757039069,10.581142662967007,21.154653402382557,18.873187798464926,19.641796308945874,19.315521888419333,15.242434226895533,19.848126134323394
16241,24361,9,10.546681145953794,22.4226053897316,29.101475531901137,13.576738764226961,16.1095720501295,17.539699515905987,19.790858077540324,16.407315790599597,22.524270993880144,22.775183111829204,10.546681145953794,21.189688136701697,20.929410069235818,20.88467690324917,21.03202201370334,17.020114888941702,19.763921191200225
16241,25376,9,12.846308599790609,23.996366919078103,28.701137582968684,19.21525192258328,15.283220991232621,13.436179062760914,18.050166733811505,20.609293222213772,21.031246208739912,22.719011047423894,12.846308599790609,24.041854803448793,17.659983256905186,24.01887314918499,19.25422662278178,16.078779461569646,21.666027746755184
16241,26391,9,14.067221805878956,25.598045246160563,30.477950493035426,19.07739446994648,18.546300593962957,15.387830717865894,20.821214966829878,20.827830371991524,23.35974092712461,24.856470440419084,14.067221805878956,25.107903101791532,18.436329734589584,24.15256084837133,21.544159833590864,18.26487257706579,23.2241038895612
16241,27406,14,15.365472198805659,24.535360224593408,28.979806674315586,21.656154598658233,17.693816605177506,15.901506878535457,17.686528532089667,22.272513634706215,21.329040889143812,22.55962507532124,17.082742723520024,23.583952998384323,15.862625219078932,24.114336793320977,20.143131145110665,15.365472198805659,20.40921706759351
16241,28421,14,15.27063001949318,21.20761607469792,24.992507457795085,18.91964341866708,19.45370265560167,19.105140005671334,19.264723572986465,20.908782114437464,20.768378178256242,16.518909660840514,17.48612674274161,20.07558431494354,18.652100524258664,21.05945474816449,22.65730970724451,15.27063001949318,19.464764030541044
17256,6091,8,14.310555808934291,18.487900333296185,22.762609370938705,17.50189254873766,24.458299022326685,25.271960192771846,22.198714780676386,21.769998493259195,22.15599750331022,14.310555808934291,22.271534874355346,17.832423220335667,25.543987440466026,17.573234023537115,27.01043071116951,21.041818075107262,19.492161243035973
17256,7106,2,11.759553622729753,18.36351652476198,27.100252563492038,11.759553622729753,21.43562758053883,22.816389530782367,21.096878964201654,20.222448089252502,24.176126877156367,20.519819866467877,17.634433844411678,19.732674640825113,24.198335182932833,16.597404544294967,25.447197715300813,21.478654683962876,20.097537878338077
17256,8121,12,15.129957865398486,17.398715426105614,25.196139618937124,15.468958246710123,22.53887896153399,24.44762306942419,22.66126056821991,22.103305590154342,24.8396256272293,19.217728171291334,20.357894739808717,19.110948730631446,25.727765739559057,15.129957865398486,26.082014758243947,21.73726289912143,20.4185375826312
17256,9136,2,13.02321781946987,16.959689108476148,25.995002955582013,13.02321781946987,22.147662872750104,23.903213454105927,21.628213575875648,20.26954856299561,24.801526273685337,19.555279872281215,19.558630522245647,18.743420398645334,24.75319615452834,14.478931610075893,25.6126556518153,21.70574954995818,18.99662527063379
17256,10151,2,10.968864629431067,16.462919159890788,26.887111233212142,10.968864629431067,20.020636729958806,21.87108834449342,19.739624551881057,17.92940292651557,23.057616877269705,19.183490471129566,16.366458588682143,18.455591464607156,23.854570569208942,14.825183068991418,23.80887945360795,20.01503592459191,17.46490591152802
17256,11166,12,16.410434601784026,18.464267473648768,27.436913167667242,17.001211938129597,22.428405953852074,24.64119368134905,22.088750293186056,21.00304854464931,27.264337705582193,21.36759502868773,20.53188403592749,20.049855973007215,25.759141111525867,16.410434601784026,26.547239658385646,22.00432662144343,20.135139596251328
17256,12181,2,16.03804247520975,21.49005392947112,28.057202257544255,16.03804247520975,24.01115745490044,24.202738729928715,22.49383492195449,21.533193137259456,24.63887751943046,23.126049317424794,20.816196612511305,22.249912945766365,26.120572464176398,20.054751193127352,27.38784869646848,24.197224419957045,21.830260273864994
17256,13196,2,12.388505746755024,16.111224410729363,25.482456213950105,12.388505746755024,22.1706594459367,22.62717517880746,20.836197106711804,19.38707001366817,22.780736761807542,18.986666077152332,18.89940262770468,17.920387902882418,24.46305642692256,14.273021451983766,25.128581380066656,21.52077837456895,18.335211739975083
17256,14211,2,11.488247754059431,18.536049521341802,27.80257165533804,11.488247754059431,22.22310783822915,23.095731880476905,20.334014319434623,19.56321708940075,23.984119571983566,21.341349947390658,17.962409686650584,18.833461563358014,25.284714443517597,17.050095209278165,26.22308990436008,21.784070106141634,19.344900574233744
17256,15226,2,15.601050876786863,18.161365204822893,26.488496191886995,15.601050876786863,23.154646327381624,24.7310248626062,21.678483625483153,21.618143245382605,25.787319217865587,20.26021065608606,20.92151791147205,19.931053832753452,25.742698786341062,16.02971198808815,26.70937059420784,22.749561292116063,20.306916400858015
17256,16241,2,12.848003444459177,16.145650193853008,26.833125021824998,12.848003444459177,21.32504641275377,22.814462185564956,20.983494632130927,19.23525342650111,24.989185028575523,19.662434797494612,18.467989807421333,17.70806862794653,24.208955947121186,13.064791150249533,25.166271292629855,20.35838918370577,18.45522513997398
17256,17256,12,12.644692531152497,14.979308253914825,26.819365754307942,13.80820629145624,20.25922697813709,22.213100914792363,20.654710512292407,19.677302517936628,25.369321530951076,19.50634610560066,17.847816698511338,17.449915061458356,24.69930926090592,12.644692531152497,24.312251643611226,20.115274679558162,18.314539392132165
17256,18271,2,16.092504909404916,19.778299648603973,26.109997155699922,16.092504909404916,25.568725705998308,25.756424694698495,21.81038837049184,21.262541868177983,24.743176297929633,20.57642531862131,22.326321953488105,21.2357859535733,26.456346696992725,16.361971500677686,27.36211089327266,24.32370217660251,20.908234748139105
17256,19286,2,11.63262551764987,16.427679214832896,26.77768226154384,11.63262551764987,19.1046879888309,21.232570444454844,19.35919371538033,19.208768047815823,23.830250542411438,19.295104794485713,15.797961540649498,18.079398619169286,23.9532718452651,13.777702705612265,23.592873922258903,19.237472076985654,18.722707895216107
17256,20301,2,14.270023867931869,17.035892181605217,26.99615447156268,14.270023867931869,20.70727648860926,22.90371675887907,20.257655572035414,18.885840851042676,25.74558642697136,19.76852676734926,18.343453576044176,18.731054896870855,24.113786958969392,14.419872038170098,24.551474828929003,20.173256580298222,18.54971730297585
17256,21316,12,16.61048560820386,19.44123765810353,27.2795956677698,18.722846115510045,24.871014158571214,26.258120923980197,24.178421857173763,22.96931495361085,27.532855021541287,21.926449668804906,23.298853652665898,20.992968307346825,26.10674316685055,16.61048560820386,27.331527785696217,23.76005416808982,21.31663674594771
17256,22331,2,15.507982202314766,18.033494642906952,27.241806259105264,15.507982202314766,21.995218360206525,23.510668066156942,21.65389665256615,21.53638334199905,25.01793374550654,20.83285724947684,19.95087011624934,19.239148898374822,24.389045402433872,15.779007049147978,24.882742240460082,21.139673268622843,20.002458134947723
17256,23346,2,11.647076608135444,19.830437497591234,27.306283717599648,11.647076608135444,19.685121429991735,20.627779001115282,19.911682027658937,13.962795807841978,22.624684668329675,20.25025193601708,14.403813932274046,19.065596653772097,23.59465306316586,16.306591608838016,23.489341180372037,18.355315149594364,17.46104034150535
17256,24361,2,11.890091202859278,19.067925220005865,26.81156401871364,11.890091202859278,18.816414653656306,20.024946760448028,20.323812817547378,12.714605692763088,23.041595942850037,19.9045855958227,13.741180951036556,18.911643972890054,23.15868254909355,16.540562067598746,22.97788870962235,18.175832505268275,17.88881988582857
17256,25376,9,10.678235787321338,23.344410917067595,29.758423427811056,18.74999860008333,13.387667511813241,12.13691799758319,18.287185106720436,19.58238609747135,22.761869120756856,23.226000556310236,10.678235787321338,22.372763993392258,17.193896648249442,22.796922028708245,18.698171373158026,13.83416342728458,21.158216998197123
17256,26391,2,11.008889747784188,19.916637449859373,28.417962170738676,11.008889747784188,18.564681678983135,19.036031972812168,19.936561425511865,15.338620769692648,21.8718323496396,22.15834203116497,12.889928201809177,19.398633481488833,22.323563635285964,16.905642413655926,23.114405593527962,18.501067532230653,18.44068732861624
17256,27406,9,10.854856301783242,23.22179237903729,29.33458344253533,16.371666138099254,14.620929870577093,14.05382181114087,16.22695349072372,19.574084847730695,20.489987594605264,22.26322262253072,10.854856301783242,22.815925038895248,16.40848930090787,21.910730645428384,18.10628366053414,14.142674604999135,19.83411984672811
17256,28421,9,13.205718119622636,21.261580740537724,27.451909195782083,13.903385077381758,17.30284687500414,18.351991967693582,16.911563181191802,18.30065813574358,19.636831769323063,19.881157147950233,13.205718119622636,20.434019432587338,18.51939651679712,19.53511976896452,20.27937449823512,15.4367045244957,18.368494333926144
17256,29436,8,11.495178373430509,17.534163390613177,21.944533512844494,18.870276987775853,22.99031364079637,22.835457493458073,19.216706116975043,20.11940343427998,18.427577922917518,11.495178373430509,21.181451574027697,18.39860281758558,21.861097815668046,17.32013023797382,23.666971243660736,17.46419424776361,17.00831631201792
18271,5076,8,12.608027155540594,15.454600799667912,22.157852874759733,19.74426183667715,24.001739855913836,24.52575098351599,21.789603992964867,22.519774291260024,21.75578302360607,12.608027155540594,23.04941714764122,19.25440916197141,24.87722769544223,16.16793783107941,26.072699705594545,21.22935296743059,19.117290068537866
18271,6091,2,12.967481564051498,16.89008456142329,25.339520716050895,12.967481564051498,21.25572900526274,23.350532703347646,21.244896137921682,19.59178834460027,24.529583294740416,18.680130649997857,18.24485792480936,19.14458099791554,25.29430227361588,15.076866932472555,25.171979617964038,21.272571268975433,18.802542390043158
18271,7106,2,13.303443767960719,16.041057441121822,25.003869528541696,13.303443767960719,22.0023356785658,22.702276984027012,21.037172609370447,19.860137991373524,22.98863166925753,16.989333297852557,18.847375794303677,17.46140603257845,23.391852279831255,13.707688476668364,24.929671450261527,19.95848050415592,17.733492605058967
18271,8121,2,12.584494154405647,16.571183217921618,26.165476938885565,12.584494154405647,22.152429480995924,23.110203947121843,21.15091824681264,20.012736702461087,23.125969334535455,19.010296479329813,18.745039406336446,18.17178778351862,24.644218833463434,14.343107532857065,25.63628461001801,20.908208770405313,18.25849892777305
18271,9136,2,13.266337823194542,18.3368928002237,26.914425566420775,13.266337823194542,23.842276594664284,24.35850482564176,21.86679261397322,20.646678806970304,24.23271502875185,20.677940917257867,20.147646313757242,20.22979096516117,26.08309493208396,15.51984009382092,27.041015687734575,23.474646491609064,20.102211087452282
18271,10151,2,14.305641611168069,18.77735651098461,26.18699228474613,14.305641611168069,24.301394265014803,24.83004237772596,21.301500292070735,20.776990909008937,23.762575496897234,20.19943528484411,21.298794539131496,20.328997748094682,25.370388780571922,16.62258762826724,26.618915302190498,23.553897432056957,19.81401298684693
18271,11166,12,13.461238838496463,16.424850984509032,26.56249466098002,14.875135134057059,22.66421686055492,23.801001053823228,21.528128123973083,21.03814239743959,25.000589967291646,19.59074181446001,20.10133217103399,19.276669896962662,25.250420505329895,13.461238838496463,25.240351457049652,21.861016324288098,19.895110979793525
18271,12181,12,12.480376683519491,16.037259107894343,24.97019256107926,18.360931027989576,24.70571655967656,25.688401791987353,22.989792355029728,21.94395502313041,25.95192249468756,18.722380797546645,23.23863906340206,18.786352413840522,26.25529408466381,12.480376683519491,26.4314643083365,22.75849487368333,20.116570212051208
18271,13196,12,16.2119202536723,19.327322214621645,27.22040155994981,16.657209233618534,22.83971945014197,24.9216965986315,22.23052737645892,21.61025160889872,26.698088479800546,20.957716794931876,20.803610193181214,20.866412369398756,26.227712683920778,16.2119202536723,27.108380844520948,22.39889663037896,21.32234836059255
18271,14211,12,14.960745849092314,17.590051475257752,26.129924457410855,15.67308074187574,23.000770298178338,24.5106878691328,22.63835859301723,21.617608696654372,26.119525491673482,20.100273094380288,20.624565520473748,20.16603423635734,26.017000115614394,14.960745849092314,26.561469437773468,22.54794981331205,20.24574213960334
18271,15226,2,14.5863216017551,18.81725184029584,26.59968691420897,14.5863216017551,23.389356103248904,24.081396351537936,19.985840489156224,21.666755029232267,23.969639028962046,20.620537222888384,20.411577001481348,20.56517171399826,25.491967437109164,16.6758197094626,26.22196049445098,22.966671157219608,20.48531893088071
18271,16241,12,15.64049824844054,18.60824777717518,27.1003212081371,15.656092165413405,23.832361887746416,25.35614988162914,22.944754764406806,22.162622927447615,26.418523886246746,21.112968972875432,21.34797000232812,20.17095928465934,26.37271918730066,15.64049824844054,27.459864425475025,23.118887092245146,20.718003459036108
18271,17256,12,13.173765802410818,17.00618716014844,25.537331192708024,18.96209780860857,23.87098262709823,26.05971032286664,22.152553489094213,21.259896202329053,27.099875744905063,19.21894953283386,22.777696420620103,19.30070436536146,26.298937577036956,13.173765802410818,26.497750773277243,22.080818724704066,19.405826178363803
18271,18271,2,10.58079953495923,17.518993241073858,26.864315658248618,10.58079953495923,20.774114597927774,22.004564389273348,18.963988464853095,18.822744351029492,22.736953250077544,19.181246785084134,16.822032234053076,18.870144888248177,23.552198174854137,14.904918701672804,24.537434252728243,20.162137230194123,17.86671136639091
18271,19286,2,15.020074095436156,17.95169301415781,27.202467207126794,15.020074095436156,21.773535323463317,23.966329996577393,22.1427692034057,21.16650073511927,25.309101457670796,20.593769222159448,19.455873786639685,19.292613461560588,25.228963959000275,15.2931550388746,25.949264865877286,20.985520733069627,19.795267322758477
18271,20301,2,15.521095881790634,18.524856963912534,27.463548175468976,15.521095881790634,22.796267588773055,24.050585010973062,22.101228233864724,21.55912664271429,25.582364014923733,20.940286310717287,20.367826568722016,19.88345182464355,25.001160519786843,15.597205811886484,26.000552127455393,21.74673717120003,20.059334502243775
18271,21316,2,13.481387395762894,18.074245131939687,27.053530775190303,13.481387395762894,22.52764903622864,24.37300869941353,22.06463458158134,20.22111731357465,25.774380236814512,20.569132591039835,19.625576618637407,19.17334656714837,25.14337860027881,15.317270879635922,26.58366882463737,21.8691893358438,19.3071885284204
18271,22331,12,14.63046538080488,17.599014888252874,26.337988102033812,14.896115468213608,22.17237165304019,24.284200744004597,22.313036101264835,20.33412857496828,25.7836262010302,19.83626440196558,19.71037372642046,19.322071157249084,25.73255464757831,14.63046538080488,26.02035152306285,21.484340826689124,19.61858652299131
18271,23346,2,14.228376178556173,16.758114545197483,27.20197649593806,14.228376178556173,20.513752075601385,22.70154042653998,21.647522427034296,20.312315601962656,24.948276406459353,20.589670921484544,18.057134026117257,18.300962636242183,24.90681546733647,14.781136695272126,24.55235972870874,20.403469797230397,19.71527979607291
18271,24361,2,10.657941548225994,19.96818455725176,28.576518543982548,10.657941548225994,19.597450904325278,20.878078494456943,20.759328972993696,17.160310725571804,23.258019008587375,21.735888926225144,14.598556618193594,19.964191145557066,23.727296574689756,17.716904550743582,23.87878455700875,19.75961901657285,19.576107893945448
18271,25376,9,10.943568121030756,22.436281171413544,29.036104855926318,16.97452851880105,13.448584489768773,14.31048445982778,17.81081495848375,20.273460517857206,22.875389469614237,22.922519437487434,10.943568121030756,22.51740417477771,18.86127476173563,22.609725054459986,19.255754583517785,16.34558012008125,20.848843722402123
18271,26391,9,9.715679269605246,22.096243241370463,29.060435769562144,16.886359545857943,11.99860970806437,13.365918936093111,15.651782205143816,19.359828763067554,21.3096758876717,22.171020187481368,9.715679269605246,22.00266901161144,17.46871084133935,22.02763906672828,17.663454407148166,13.839697627932456,19.893107857892964
18271,27406,9,10.553342978225777,22.73910868912421,29.624588321385897,17.840220729720222,12.286069294551382,12.795498009331757,17.048429143637343,20.393821737865643,21.69367978864919,23.085125028065562,10.553342978225777,22.505588387471946,16.58322995118316,22.492887349299437,17.476979054392814,13.80201913141661,20.252565659255616
18271,28421,9,14.882785905029676,23.66771435391247,29.137466748493427,17.92097537459798,18.12717667247718,17.42987984276159,16.980843312442854,20.926495781158028,19.888818254395794,22.55551003875434,14.882785905029676,23.165156239909027,18.22990145971171,23.797126636144863,20.835334846814785,17.012674823121383,20.299136197648334
18271,29436,14,14.469679338917794,24.791777931943415,27.314293647778268,21.84402152284394,19.996736944398446,18.905315780887154,18.00424361221452,22.480905561665224,19.941454307308003,20.057241161366385,18.943263192013745,22.74066256347786,18.4089809031638,23.3385836924123,21.00976886406329,14.469679338917794,20.97797191305265
19286,5076,12,16.403650867401247,18.098156056719244,24.015487278622658,17.96774588857013,23.86805881590562,24.309065058574653,21.945757504225337,21.699189314723053,24.03498865818554,16.499356240507495,22.249997566097868,20.729419809479857,24.378175101044434,16.403650867401247,26.07919550353402,22.406229001867214,20.312329247278896
19286,6091,2,12.972216922743486,17.390178095307288,25.46595435142502,12.972216922743486,22.15570420239291,22.604078886252353,20.809714930126667,19.4968776176806,22.134987357171504,18.310208927656802,18.60015668728827,19.35345401020442,23.65631781938998,16.339087059371522,25.152052949008112,21.022129966290183,18.37297218029865
19286,7106,2,13.013263192823297,16.688025663194523,26.54233633735641,13.013263192823297,20.28576370506278,22.103123168174506,20.521623088894298,20.08895739690067,23.767267915492727,19.443368226023235,17.428495076074135,18.487575802398315,24.207808760023923,14.31294226042388,24.308994486818495,20.01649536499713,19.253315172584845
19286,8121,2,11.999937508914172,16.285967878389357,26.555863877989378,11.999937508914172,20.882074133045748,22.26922865941563,19.580461545345052,19.98603430862336,23.308718669864337,19.44212069176474,17.96813809810217,18.198766250057346,24.327054410854558,14.231720835496317,24.472297535615493,20.866552681244766,18.768709047119554
19286,9136,12,12.770078029881473,15.64172523246373,25.096477203984204,19.112195723747345,23.768279631304697,25.26321429161092,22.437013264820237,22.47683947830339,26.28581916482141,18.471443973070265,22.947202963303194,18.048461923791738,26.656632169869397,12.770078029881473,26.379407065358677,22.041608795945272,19.925045834744655
19286,10151,12,13.855090131310037,16.442505347718072,25.490348478228835,20.767499468829065,25.14073262219883,26.273366697474856,22.859905464686122,23.170939042397183,26.892256495360005,18.91906799041723,24.56589652148952,20.221787967962296,26.659885971998218,13.855090131310037,26.69049433975596,23.60667886931215,20.500886439545585
19286,11166,12,14.40975919646001,18.07081382322153,25.89662492634269,17.31264268376797,24.40278140212774,25.944066685775546,22.857146941875488,22.857291853977763,26.627478024765004,20.060597764523624,22.293259174282753,19.95887289939333,26.724433028604526,14.40975919646001,27.660061865335713,23.068003610178003,20.92049346646733
19286,12181,12,15.977799737793797,19.095621847678302,27.135035750971436,17.27167370120161,22.824627630979567,24.75916394775895,21.81329632867818,22.362346856778395,26.84477180568598,20.78881611989662,20.95539056190001,20.677648349091545,25.80313005238256,15.977799737793797,26.395907201562938,22.02753231969355,21.37039145032319
19286,13196,2,11.583461344568777,18.822148864509572,28.350566026462644,11.583461344568777,20.392462143940676,21.134370390953134,20.06596708146567,19.612766571079483,22.701728092080455,20.985800440685605,16.014796602789833,19.82960532146162,23.29418419756201,16.761486357466193,23.884450964008426,19.984534004009777,19.337499263541677
19286,14211,2,9.574846880733848,16.82015938256253,27.319805109082512,9.574846880733848,18.78993482307444,20.391931986565307,18.03782353267564,17.472855908646302,21.677072734583007,19.747841560642204,14.825777257331028,17.516131752942385,22.64409694874619,15.338890859142081,22.029976546865914,18.70087463882926,17.20101697379019
19286,15226,2,13.103017220855376,16.75451635181589,26.93266830959113,13.103017220855376,20.41425604221671,22.05248773500324,20.332384273850757,19.32738076661376,24.1978390708742,19.306007853813206,17.58740966789909,18.65368753180123,23.952218849944302,14.778255252366018,24.162284695527052,19.870176837153554,18.808797944330085
19286,16241,9,14.882375568389081,21.463938084581486,29.401642230686004,15.140358261942755,18.9536189418327,19.050021650119056,18.515660231055225,20.52849393266702,22.63064603229559,22.553568118996537,14.882375568389081,21.280319472024225,22.443764182210696,19.634486161469358,22.619365964957517,18.871655983849816,20.703603391327007
19286,17256,2,12.473200353614745,17.871335923987196,27.141547928016124,12.473200353614745,20.94749719476047,22.674107157358964,20.138870577016938,20.217870907592733,22.997074309577794,20.213773740353496,17.010112674988804,19.229648068707295,25.81591580359308,14.77242134729715,25.520933862516685,20.380632022792348,19.397106994484144
19286,18271,12,13.78387447043119,16.682246175815425,25.181165630064086,17.84241178380188,24.044074217973883,24.27464889626557,20.14983822301028,22.55144533442093,23.838928876715052,18.904344517482684,22.486012439408007,19.424990743123374,26.081082412307865,13.78387447043119,25.489095070436306,22.65619319738883,20.078174057533058
19286,19286,12,13.772436850864098,16.085860190265524,26.91354440345542,16.80899393243994,21.592433546703,21.84856231268744,20.28935444736594,20.541886501917748,21.29533112267647,19.923542224488937,19.72870520759114,17.195503843237073,24.440010040856198,13.772436850864098,24.356227076072205,19.570183806676738,16.956318536331683
19286,20301,12,13.131640178977129,16.769537802902356,25.7659103419516,13.730609425317763,21.28777322499115,22.015128779724527,20.305498986228095,19.823538000113892,22.70829985173885,19.29595525091991,18.638258809321194,17.846482348363626,24.525326005105534,13.131640178977129,24.91783315359003,20.35514322824199,18.242227941213415
19286,21316,2,10.826068853069538,17.0947438708232,27.647456660927645,10.826068853069538,20.09062507058469,21.712936006751182,20.315135558207587,18.82083000870574,23.79973779094539,20.628707465893214,16.340204103691462,18.068197251844158,23.935302896864542,14.547647668826345,24.47094785151677,19.89392354187867,18.32621397616056
19286,22331,2,9.855460833698864,17.227207896579532,26.922334397114188,9.855460833698864,19.08411953105634,20.894127596856954,19.533290688179896,17.31898284349968,22.905548953157936,19.209846288104746,14.759475686847768,17.96119277816593,23.321486833221044,15.5827935622,23.622101546309356,18.636410279124096,17.333003860451658
19286,23346,2,10.073650167539045,18.804749652653765,27.669265962831044,10.073650167539045,20.083630660020074,20.770413592167145,19.05043631836236,17.87896298518516,21.22492330551539,20.527940852773053,15.882025070482692,19.553595003316804,22.27269089694958,16.581077613593106,22.86974442595489,19.811051274179228,18.359862159742224
19286,24361,2,9.779565658011094,19.24260607043063,28.218078115612872,9.779565658011094,18.900932969977443,20.145819760957192,18.759689766473553,17.59608611566514,21.866855758140545,21.03829549398825,14.16231182385068,19.570962734221027,22.398132961242414,17.605866591003522,22.959839022335125,19.301440723314396,18.89337401153394
19286,25376,2,11.829100382727676,18.245418469641532,26.958782399416837,11.829100382727676,18.628404987531297,20.31467219534715,19.578640802575944,17.81811238668287,21.953989312415406,19.280067850316467,14.64087122153772,17.076057067479855,22.608990237685678,15.870782320685299,22.678465092870496,17.1243003846775,18.623359843488892
19286,26391,9,10.30261792913842,22.85152952554038,29.996288274488293,15.413985645166797,14.52055348703331,14.362662237423375,18.255626394875396,19.672883275892797,22.151551685588455,23.253795877004293,10.30261792913842,22.430548551937346,18.467060959191883,21.357520494323257,18.83549233876607,15.907176110475197,21.825672513610634
19286,27406,9,9.619694938422665,22.657250058339113,29.190117795765595,14.412379504970573,14.328879118608446,16.545880683825075,17.709756664647678,19.84172512291621,20.96748510532954,22.459527560951933,9.619694938422665,19.957623288011707,19.121566443672315,21.035290955926918,19.840408188911457,13.458016228843903,20.160547657101304
19286,28421,9,11.272749788481287,22.933253168041777,28.655391959023248,16.72182281849449,13.717158667741181,14.427075256794717,16.855973346168593,20.101516322996076,20.868084092326857,22.3055953921912,11.272749788481287,21.331464522361987,17.400686066222676,22.43097761300668,18.9690979486647,13.688655241181653,18.9586745711821
19286,29436,9,13.149401242660755,23.811117194558594,28.798653795356053,15.550398551507627,17.59441622829928,19.688594495931028,19.416737827273852,20.608269350167333,22.277055817820166,23.576032978812265,13.149401242660755,23.068594051106505,21.012481105117356,22.785741782770867,21.829035415298904,18.080885262649883,21.413670091974772
19286,30451,8,17.82362463243864,23.66340984679151,24.342520919689473,21.393089644314117,23.87492708630083,23.4033888896441,21.439183134623203,23.682183277294822,21.208740235407127,17.82362463243864,21.417852920893555,23.281006040321433,22.88092113969932,22.718228309421267,25.762349295417568,18.8323341054955,22.20853000171433
20301,4061,8,12.324274055995323,16.699125399863703,20.443079213956164,17.699370920373507,23.855166980626706,24.385146823200852,22.42335785490841,21.83566017263773,22.254894742344636,12.324274055995323,21.722074737311864,19.567023561880873,25.177200620315745,17.41345930952628,26.537724597835926,21.64856035663283,20.2080670377671
20301,5076,2,12.131656723788875,18.19734122149771,25.78200342494522,12.131656723788875,21.07282948917221,22.887780606999407,21.296591465354513,18.471113103635137,23.11939585586263,19.15097263229316,17.746860225144776,19.672925395971575,24.444664491603827,16.577320311357415,25.09290197665634,21.217779937014186,18.645421725024498
20301,6091,2,13.930310400888196,19.306957318152087,27.383182033192504,13.930310400888196,23.333973555760064,24.14481135083324,22.4866625114431,21.37077408738118,24.54981361478802,21.071605412064702,19.668919547754314,20.682584373120687,25.01842817335763,16.33435073006142,26.571462752672907,22.387255013436302,20.547308517329355
20301,7106,2,13.804359759445056,17.157973153792188,25.95132664437433,13.804359759445056,22.831918349435497,23.77247655797074,21.802032827242318,20.350116820514703,23.397101559611954,18.958952190930866,19.777278241586465,18.878920124621857,25.220932425766247,14.97794917849372,26.409105952140514,21.732177836893108,18.88594472540718
20301,8121,2,11.570017224050368,17.644203021171258,27.21303840750772,11.570017224050368,21.313513566365604,22.50300709157491,20.67180806768864,19.405189085708653,23.679163477673562,20.004750456673772,17.629923406802135,19.049187289528476,24.30987760473815,15.748648280653974,25.258992281054184,21.154868167221508,19.106848582921888
20301,9136,2,13.424061248789643,17.355220321326943,26.48059545954721,13.424061248789643,22.55049019340959,23.607379765127416,21.518192074110186,21.024688524693236,24.721475410319144,19.648198864812287,19.475416250185962,19.093866641923128,25.020923843977197,14.632337360384275,26.198068443127912,21.89849340126738,20.161185926870207
20301,10151,2,16.20782411385634,19.64453298177542,26.925046541960448,16.20782411385634,25.08963728427966,25.60216957460499,22.76257737325764,21.80284790792391,26.396351699193048,21.726934648442985,22.404464958505514,20.957468697337983,26.736586036244354,16.806180186599647,28.334717280159573,24.47630261498161,21.190550736350314
20301,11166,12,13.53217513471289,16.856721027780146,25.783806478166113,18.23707108906281,24.23472280948606,25.427394332151497,22.54355057074192,22.460106619519244,26.56565643777276,19.61351274047998,22.80056560463926,19.863553014165564,26.63910417140772,13.53217513471289,26.80253233953374,23.100020713321573,20.43542763975639
20301,12181,2,12.444108286714714,18.56146279956856,26.903479918622356,12.444108286714714,21.62129953066662,23.09928586003534,19.659334935143324,20.481186653665358,23.14648086313418,20.37994597400163,18.178152574880293,20.222132565448366,24.76619367566983,16.485525856283083,25.32290405587146,21.5858289568279,19.607182201381917
20301,13196,2,9.276589066518484,18.33045032380953,27.80193364185619,9.276589066518484,20.113250420224052,21.857270708927896,20.045261843790136,18.6841121564984,23.13153810236472,20.848445309150907,15.723461996151181,18.714925860541204,23.933550181249597,16.320266445369672,24.261460400428177,20.114441918463584,19.002959729301548
20301,14211,9,10.815683411470715,20.788587120876702,29.092829181617244,13.070690305574573,16.362966902415828,16.649788597288808,18.98925170760528,18.26508436386938,21.892012421693497,22.073876321272785,10.815683411470715,18.9466696800918,21.336754788894144,20.02945103571029,21.78449062124337,16.682115533996388,20.059871242851596
20301,15226,9,13.039072180467443,20.58868774206755,29.980297642805112,14.001137904369115,17.940534035017862,17.994523606409302,18.53866712231944,18.754089541844188,22.204512434042506,23.22142825489615,13.039072180467443,20.355887155970972,22.69135337012169,18.383804942383563,21.331309318500114,18.06186079080937,20.39607432756368
20301,16241,9,11.730848336817582,21.640387354240985,29.546622673783087,16.07877085114887,14.97992302159928,14.515502038549739,16.92960089954687,20.603387893116984,22.046672880480592,22.914286427800977,11.730848336817582,22.05803952580037,19.899137623342245,20.773991536427193,19.09639070246886,17.05804308321192,21.19123132023068
20301,17256,9,8.931307793529491,21.483122171207576,30.009258447182244,15.390010799619477,11.808914556112525,14.956817197018628,16.428534966333018,20.263262777186586,23.427602948884633,23.33346110375153,8.931307793529491,21.746625163973114,19.96304574964877,20.730577581067333,18.133022254807354,15.330563350469664,20.452081003695795
20301,18271,9,13.905516924780288,21.227020767374825,29.333386591483617,15.535405166432627,18.164849450590633,18.06017956335669,19.955139139774648,18.57757633423226,21.876110792696643,22.971922208636993,13.905516924780288,21.300483430416406,21.296938373997207,17.397908695946246,21.772867523435938,16.97025706383195,19.806808319383713
20301,19286,12,15.792980843308026,16.920610593815503,23.668124934576717,23.732161717775785,24.604681919030938,25.911824570565045,22.65547400163578,24.61087308778471,25.949615750455695,17.903622962327653,25.843856144250164,20.28559728756031,26.238072874991182,15.792980843308026,24.1277638362575,22.729802433162412,21.31682634902676
20301,20301,12,16.007087857040567,18.622804888979605,23.44849954542266,23.48022812854082,26.207325363966405,26.684346490039125,23.28077678483337,24.01997882186354,24.79195423871613,18.29489408085552,26.66733091109133,20.971631220044205,25.611009533839944,16.007087857040567,24.20637969102452,23.415274924775197,21.13122115741001
20301,21316,12,12.42615819105222,16.786467685555856,26.492848403686352,15.936074074440398,22.748150545000673,22.809453040749975,21.185767786711782,20.022265800938055,24.13454305464667,19.427216305005103,20.10208427753288,19.236590612841706,25.14493859355148,12.42615819105222,25.883172095867522,21.56077774944968,19.14463026807415
20301,22331,2,10.88183583486592,17.75846982495148,27.094140923243742,10.88183583486592,19.449194335873372,20.474284966542086,20.117875029520857,17.048221296057122,23.050776641892888,19.934866330930863,14.85759345135496,19.0484158576542,23.744095364066627,14.441165135845424,24.263691659136924,18.940455815999464,17.98004217856861
20301,23346,2,10.947622387644065,19.54960348010223,27.450896419761822,10.947622387644065,20.224816113953384,20.85323047088408,19.637854765405706,18.20236685193799,21.48362566532809,20.286348076410494,15.626681793951228,19.655897663304465,22.58604529703726,17.54536414189832,23.794503373906387,19.784643645325374,18.73669959028947
20301,24361,9,9.805880025255213,20.299196451498876,28.886203703571336,11.120776935208163,15.136053771754055,17.19996847743231,17.025008194622544,17.30658963744293,21.49595278734944,21.210686109004573,9.805880025255213,19.69692059008334,19.611867412821205,18.58938061781349,20.11009664405746,15.296933937635874,18.22683834219718
20301,25376,2,10.29683497607385,20.660531190764562,28.568773732114607,10.29683497607385,19.051667162295434,20.722822215480452,19.92778675680245,19.069331778393213,22.626014021520998,21.996749295675357,14.199656878470675,20.181272073567207,22.96602218970233,18.41851749665099,23.503569639431344,19.429310635102386,21.001187419761916
20301,26391,2,12.543614633991522,22.70408947368528,29.466842524158096,12.543614633991522,18.906643899555228,18.470632889088126,20.13484943096468,19.02930882926704,21.487207630639976,22.71357359636945,12.952662353723193,21.30568226700158,20.319406978363343,19.852386033998425,22.38685480581525,17.539288636055172,21.05054001350775
20301,27406,2,10.364946019149304,19.69595427147681,28.02055058556165,10.364946019149304,18.645019210001298,19.564609661072772,19.205766830580124,18.78318608362949,21.74914970019114,21.162451362693087,13.846912337430696,19.24764088577434,21.304700493045832,17.653549710800498,22.830485842831294,18.551293989677106,19.74355478722405
20301,28421,9,13.261387874490211,23.66139965357498,29.16959532194707,14.283869620891359,18.157281013821613,18.698272327531573,19.06135131338715,20.75069338904782,20.681105301475167,23.254475023734887,13.261387874490211,22.460956733147547,20.30239153113956,22.580610486274043,22.185138728601995,17.767550433727934,20.698375771096156
20301,29436,9,13.935624226918506,24.22129936543195,29.377993841936068,14.622989324133949,19.738910580901592,18.915361692055534,19.58389524680399,20.349478333171064,22.156789811209872,23.64288466112112,13.935624226918506,23.39622550651685,20.338618137729842,22.093250458533106,23.283215387297357,18.797618864552632,21.809351547559643
20301,30451,14,15.939296311150903,21.53297642919782,23.70581944767432,17.380307489484736,20.497441504940426,21.84275445425426,20.343526839307486,21.08814335373406,20.85665737692143,17.14552675242387,17.50143094488118,19.493019726510827,21.90869605798699,19.574602400391584,24.1702018541425,15.939296311150903,19.841733942656056
21316,3046,8,14.57462144189311,19.034504363903892,17.18972326914584,24.45296970854702,28.440109857886508,28.064301126790454,27.766492302057216,25.483932213208142,24.315686979665195,14.57462144189311,27.903480603900064,22.23180451006474,28.245873080861383,21.16277206961508,28.997963548624057,25.985674974131744,23.460748781933052
21316,4061,2,13.73338701710502,19.126905348668636,25.212780339618636,13.73338701710502,21.829714964583022,23.21625040930092,20.926437859027203,20.68098061377623,22.276693551220216,18.23965585625732,18.801395793509393,20.866756678069965,24.78450425497967,17.8576720273328,25.527971317602947,21.556524101873258,20.22702472658496
21316,5076,2,11.870028351975778,15.893967202468064,26.55319282916847,11.870028351975778,21.69492208789971,23.43415265972357,21.84655893023335,19.54032123796815,24.67000095171575,19.235583755546248,18.288409402252874,17.883424808239837,25.10410876733489,13.153955344015909,25.792824396264486,20.987301624969117,19.18879635764556
21316,6091,2,12.06897666137068,18.617773770380968,27.727415726224734,12.06897666137068,21.78047683550362,23.15709537160211,20.726481602759986,20.17846072997024,23.86944654370441,21.046514199566214,18.206159863247134,20.326199055689706,24.814652523720415,16.62281374249357,25.406268938631317,21.892527891125575,20.031825805207543
21316,7106,2,12.246733002302165,17.092358918883924,27.769885924329134,12.246733002302165,20.825881430257176,22.65880641100361,20.75356968163719,20.043664164674716,24.343541205730695,20.73040229906163,17.725211596034814,19.043016170523018,24.537832628020254,14.037270966845734,24.51026170841913,20.919017712041185,19.27910016122312
21316,8121,2,11.439109256432046,16.88738153616834,26.808002144038202,11.439109256432046,20.355089245815908,21.807388927921057,20.27824035206576,19.678263991940458,22.607243195729485,19.746746544745296,16.647137744240204,18.010476268555298,24.30225288553003,14.233425340732321,24.3567248149323,19.810577904677874,18.75730601796328
21316,9136,2,16.504059964822773,21.560256719955632,28.055623388733853,16.504059964822773,24.365072148691674,25.401713324953313,22.418174097876644,22.92307293324424,25.683097479432934,23.135736395155863,21.825981239028902,22.251164549598773,26.813684061162167,19.314042425135472,27.78919215867242,24.524653594185388,22.009117769258683
21316,10151,2,16.521776380243843,18.86851311945704,27.034933020743107,16.521776380243843,22.951782637206808,24.052566894456717,22.20071822857243,21.81312478623689,25.267782358657996,20.932292503040216,20.762640798298115,20.38909812630612,25.228658850530675,16.64920058644789,26.366566546130695,22.367972599490326,20.478074109275255
21316,11166,2,13.167105625478689,18.3966347386254,27.563747450002204,13.167105625478689,21.07779706770335,22.36323834649665,20.99270410805115,20.08787846609033,24.362664643863397,20.92691828521208,17.873777291755562,20.235577274023534,24.272191018601625,14.883449561961045,24.430558734542124,20.941353518513203,20.38788143376475
21316,12181,2,11.833969656406758,18.79659123235073,28.024638291648664,11.833969656406758,22.01181158777341,23.15330043565578,21.07204894373673,19.17307575875894,24.58859176286407,21.162651683868003,17.769848690825828,19.631127106846485,25.529041407412233,16.719215321722864,26.24074645077174,21.920923331208414,19.81726176112201
21316,13196,2,10.464779691900329,20.09016639737422,28.759682697993284,10.464779691900329,17.205315477192755,19.034183577649145,17.758534786546402,18.530156317651,21.459132154161505,21.190642759242127,12.028435880195037,18.98103109980677,22.1592748079475,18.88014799122177,21.775778644492455,17.47948282717664,18.96014501142389
21316,14211,9,10.95532540948159,21.97616924792772,28.837625118931726,15.782147036132672,14.090429797487586,16.895543529118434,17.34874404431927,20.68496341347442,23.317227416704313,22.808813132136873,10.95532540948159,21.084363398428035,22.31012610398634,21.91439900460154,20.02116630040188,16.89832415900362,21.24459286096698
21316,15226,9,12.658376043910431,20.46151710784148,29.734584757090055,14.683320331239965,15.691079353126169,18.28661319751663,18.106410968235455,20.798524942520952,24.005565050407842,22.913158355516238,12.658376043910431,21.405524139292666,22.86307128754443,18.892932562523395,20.605765912003015,17.837593261161363,21.26948515805412
21316,16241,9,12.971950343407505,22.060207596762286,30.530829250338314,15.832894769052063,16.5084559731331,16.849883093586065,16.389795450113954,21.046452580406328,22.397199949418123,23.46163083118002,12.971950343407505,22.443103618702825,21.258735136189994,21.538445141212556,19.478831610464503,17.748334554603808,21.309860729142382
21316,17256,2,13.014461812668188,15.808201422797202,26.822293968308845,13.014461812668188,18.097115818919388,20.614845929766066,19.607403897517315,18.60680101251452,24.381642608987647,19.18876386442636,15.448919608182528,17.562055059612568,23.111507515367542,13.874323017532147,22.640085846262835,17.992733317133297,18.409298030678862
21316,18271,12,13.130746910272544,16.55739380510784,26.701140517038972,14.014795141493074,20.832000978195687,22.611473908187882,20.10217272554048,20.07652614547896,25.368236792617402,19.572670424965416,17.88082293291931,19.090665566797245,25.122884554686404,13.130746910272544,24.857382218454884,20.392611686308154,19.46369857514176
21316,19286,12,12.47446901478072,17.295814918585354,26.537086595994463,13.368582518266562,21.99909376281276,23.113980067497295,21.231857322461323,20.07901224802645,24.106590431872686,20.097227170418467,18.489255887560187,19.06084531509538,25.768872005836187,12.47446901478072,25.40764439420726,21.229608327194093,19.78980597608749
21316,20301,12,11.624461707146052,15.73126816645866,26.20394017117479,17.89761048310176,23.683111634363772,24.527476353007053,21.828131675155067,21.30469888036457,25.261688776422776,19.130635331898336,22.292697419422314,18.03510312016464,26.547261632899193,11.624461707146052,26.23730166470846,22.22462482183014,19.20294388760531
21316,21316,8,21.4079282693779,23.012974852597516,25.11452381431091,28.325214352798824,28.633810295958803,29.479481947856016,26.357298510020755,28.112178210083485,28.483617074164492,21.4079282693779,30.296181155889457,25.01847958356362,28.304948988021817,22.219989483362927,27.03069710444395,27.0248319595729,25.730079766420495
21316,22331,12,13.148729667936454,15.784417361806529,24.856856770033303,20.727501493166308,24.05336107806329,24.88204050153984,21.832310799551113,23.247813705155558,25.987608782144243,17.35108580890835,23.818637098514582,19.29225185408173,25.637677743925117,13.148729667936454,25.662148701363808,22.111157265800028,20.10637048569313
21316,23346,9,16.694048512611914,21.393903767903065,29.998920161630732,17.791063275661422,19.42438431501018,20.115281833584675,21.010441711347056,21.48701691537236,23.78145623123936,24.21588803817504,16.694048512611914,20.700184024517423,21.82310868748495,18.591703356667036,23.585992063210345,17.757897498150818,20.0893132366615
21316,24361,9,12.056187412613012,21.008563865441886,28.89013236966783,17.068882196393147,13.992022116822621,13.165546972169766,17.551461100399095,20.715523666107593,22.92003012069546,22.467627840503443,12.056187412613012,21.584385214443255,17.480351614150067,20.727563304741132,18.793555778004894,16.12561741024145,20.67632590510506
21316,25376,9,11.737723117748954,22.247551784952122,29.5528752716536,18.07200663283809,12.884990970790273,12.50858362628305,15.889223961100864,20.111913651514534,22.72503190616337,22.897430113569442,11.737723117748954,22.52691667754292,15.918082111648388,21.87930603050879,16.85086925609743,14.393061642794395,19.899568299666846
21316,26391,9,11.48097164161098,22.371598006459287,29.15822255852187,16.100634507511522,14.32858281598478,14.503727745720221,16.921358158226663,19.9638852129134,22.04218442441385,22.563509294330736,11.48097164161098,22.47838356434924,16.34431830187335,21.242931308389423,18.3067874081879,15.37166703175008,19.779961518733117
21316,27406,9,12.283234330394677,22.460327629670726,28.908128880052566,18.17227155076121,14.422112932631258,13.644845653492286,18.272020416646892,20.90944360291531,22.243532504470586,22.816131647916727,12.283234330394677,22.396292613076348,17.378713232992173,22.907858881930988,18.768598879948723,15.63354843452362,20.81158126355403
21316,28421,9,10.0336292118337,22.199428652648404,29.394395778084835,17.19811190593354,11.425787982743984,12.890651378902934,15.531506220020992,19.89510508744716,20.652751550015466,22.414616733338594,10.0336292118337,21.866117914321702,15.879515922856339,22.120727949510087,15.839630405850484,12.243157634059145,19.19029194180563
21316,29436,9,12.068770505964395,22.90677079098291,29.32601881990884,16.147979096472476,16.140768151067093,17.334417036916772,19.98901127290748,19.8748487361383,22.55315649050473,22.859712416965664,12.068770505964395,22.067121342726935,19.81978284034206,20.311922307468315,21.488785415636706,14.838622543727974,20.518834934558075
21316,30451,14,12.733843407500549,17.977335172563645,23.959830909011014,17.957728700110128,14.413173296187436,17.78493367980275,17.034708472878584,20.257654095624332,19.52500229329917,16.14154511471049,14.799770372732754,19.26402649797666,19.466714443716562,19.38676633870373,18.971045648250296,12.733843407500549,17.01376298459243
22331,3046,12,14.150747824038442,17.89856898180612,24.08403776425727,21.114721973886784,27.386635175618185,27.85308885634471,22.947718911170305,23.43188678587242,25.18371169773154,16.587750552199196,26.15519856866343,21.531129836146807,27.47134093024805,14.150747824038442,27.872182548198396,24.857531973453572,21.18938483472277
22331,4061,12,14.847937811527917,20.001995794728238,25.387198355649403,22.05364088624786,28.338264936916687,29.502131207494728,26.5096329797164,24.094594723536634,29.3057121941317,20.28569551581148,27.096220363442,22.28553171961101,29.191358552389314,14.847937811527917,29.805295680848644,26.0926364879432,23.647474656133397
22331,5076,12,12.217124298808859,16.604707554681983,24.971123119889686,18.490680048716197,25.321124861914214,26.511036864682588,23.90723607041323,20.87598377448987,25.161544962672345,18.78965338257661,23.23352170099602,17.66227202472607,27.304027261424697,12.217124298808859,27.837811559056362,21.946959143670735,18.554410558700955
22331,6091,12,14.997275850806917,19.748944970493145,25.382196101374046,19.364114280259002,26.554821976830247,28.09846909537496,25.428522415986127,22.485527514942408,27.791728742831374,20.381848179005353,24.47768404453931,21.064438866410715,28.88708772468659,14.997275850806917,29.914530677931857,24.55878871385936,21.81251068611506
22331,7106,12,16.31673974485068,20.80154480888827,25.05251807343677,20.632437387924327,28.69451018152237,28.951488824079608,25.854467217033697,24.27781841104346,26.368726136796443,22.34520774804107,27.13623498954761,22.76974562731713,28.150950664213013,16.31673974485068,28.47500812668823,27.534282055056103,23.414892693243665
22331,8121,12,15.131586381555103,19.208354967779357,25.075453834073112,19.207007094777428,25.9486106450332,27.002660088754006,24.80738268688765,22.45193229961466,26.708728389461143,20.322976161563552,23.91947922049828,20.355521653101267,27.771259761794024,15.131586381555103,28.977833926914993,23.791676912909036,21.367639047984998
22331,9136,2,10.894084449546046,17.278982292175314,26.787827929101738,10.894084449546046,21.520315894644067,22.923656082311773,19.91990083380229,18.641385365611676,22.89520314572387,19.866507608994574,17.75736514688155,18.240885410156938,24.567117495944224,13.982186003142841,25.22437917442597,20.728427915423904,17.916728005052963
22331,10151,2,10.027760379474675,17.239689496066173,27.28640452659629,10.027760379474675,20.448149237574924,21.05910669869335,19.46998673081632,16.902777248229594,22.392409004990576,20.13364450257004,15.569316925172163,17.975644924883216,23.356941288723643,14.200617347572726,23.843382777209353,19.742300556444636,17.51626498440411
22331,11166,12,13.767147939701058,17.399346345905485,26.803503487032547,15.819105840258498,22.868963037191392,23.677185971850164,20.789699012245826,21.20353020569919,23.785128622635963,20.547115580712223,20.401627565357188,18.76414336446492,25.69987770790638,13.767147939701058,25.56319716023985,21.858262382372455,19.761404310248356
22331,12181,12,13.634904794056192,17.043529421195238,26.071572763349515,14.19064599717682,21.170277252490326,22.80462140596749,19.984121154182823,20.93651423564956,23.67872911546284,20.202846036223622,18.276529856112493,18.151050620833157,25.69498984328804,13.634904794056192,25.05959417094385,20.515061705995116,19.479128738481315
22331,13196,2,10.187256575974889,17.43746426566846,26.993460225753072,10.187256575974889,19.369348034269187,20.457895070393217,19.530011965891056,17.802472866162542,21.556241087320196,19.610509645039308,14.59115427420219,18.38493310110193,23.397355455542883,15.394880422898167,23.40929748874997,19.10695256224913,18.504570095208145
22331,14211,2,12.17593583339676,19.90224534256776,28.393211041517795,12.17593583339676,18.448468472464864,19.255150390636672,20.593322289772733,18.521066068616037,22.931232865111284,21.59374611668459,12.587982320042228,18.792587735478463,22.96544412021913,19.148134359938805,23.838129931322936,17.939504225139913,20.074760977394334
22331,15226,9,9.65214365642049,22.940681898308032,30.07614628019996,15.737771754225893,14.401112550635146,14.849344744289482,18.41275884131296,18.600902403038727,23.467981386514992,22.92394520573372,9.65214365642049,23.01210754960476,19.283578577700684,20.877110480352865,19.472112884762854,15.298039229629946,21.11110966024517
22331,16241,2,9.8941198910785,19.24516875674118,28.72679256112021,9.8941198910785,16.833362815107442,16.978995252032906,17.974859679723725,16.990652133366495,20.838279383088572,21.15214071206443,10.349292686451752,18.792217893445574,20.698928681326528,16.617166626837033,21.071281379773502,16.21876355838229,18.936578526224817
22331,17256,2,8.569887700819955,18.61159321291798,27.510970764793854,8.569887700819955,19.441271152166802,21.011992585575353,19.81466995684397,17.73218334333202,22.401606170713645,19.818795024155264,14.05201345349456,18.06828521279647,23.23928109052449,15.386641943546946,23.923505809179403,18.48277626118606,18.52908191193987
22331,18271,2,8.40493840047705,18.014867478378513,26.431722359738057,8.40493840047705,20.295341469118522,20.552746085994883,19.79235865388191,16.415861967508192,20.104650585364986,18.700624533753665,14.860448154959673,17.832112034823723,21.630632283390987,14.755819747989145,23.452366179811154,18.351976064504772,17.32874103200979
22331,19286,12,13.251333389247511,17.32641768929092,26.320217016960825,13.943150378732332,22.58326843582161,24.402337348311132,22.103619826586964,20.344096348704163,25.773400459088315,19.90812578254283,19.407321866455007,18.35634666239976,25.943973373698906,13.251333389247511,26.83939644174221,21.15184796237272,19.31818196311451
22331,20301,2,12.621272028924999,17.565292332497513,26.45709849394211,12.621272028924999,22.616805553323957,23.161862209158578,20.595954824064922,19.469063539754806,23.792003606317977,19.810191741821118,19.13540183478183,18.865159807981772,24.534214782270723,14.88157277670088,25.676683110319768,21.68828871325075,18.89916950129843
22331,21316,12,14.631314997528044,19.585500229514494,27.724985285091822,16.04811397097569,24.373127161727,24.412272638185716,22.62001140865159,21.38688604623173,24.336418409444505,22.014897350735712,20.83009413364305,21.17946052137961,26.83943655489805,14.631314997528044,27.56777460149951,23.095821154819742,21.235862381177615
22331,22331,12,11.889583065544324,15.861602842267397,26.605484717052928,18.584916641350805,22.82393589366087,23.33665827610477,21.33973059852456,21.24641379954865,26.271632812087645,19.68769991598727,21.864844391377645,19.341890703879926,25.027544277477507,11.889583065544324,24.773764768730263,22.274218709490576,20.22930950732401
22331,23346,12,13.606365063851051,15.207420857990364,24.829903226142736,21.014655012156908,22.73437700772748,24.841549794012753,20.819417581969986,22.42429274488377,26.484445603104763,18.090688295653752,23.356320057078353,18.842286657073064,26.289951554865283,13.606365063851051,24.455831276378035,21.68191450329507,19.55459789927238
22331,24361,2,14.978703454988503,20.253910599886296,28.904106068074277,14.978703454988503,20.300692731972482,19.490605045060274,18.639337235279672,19.258019379690786,21.846817997856,20.4202205501152,15.77932815278286,20.297949671245224,21.02261302590701,15.252603886708396,23.10520915201006,17.363909873689376,19.551267013017554
22331,25376,9,10.614946464134002,23.397608931498915,30.81512488299328,17.193294370788582,13.762353205870717,14.179748154365763,18.683409059770636,21.139288942396124,23.05545070035626,24.303265004205752,10.614946464134002,23.294841498440025,17.40979426125261,21.90908514693901,18.68751389281463,15.415498133367192,21.845078401633884
22331,26391,9,10.801420801598237,22.169070379224433,28.76039496716087,13.919730633762944,15.07692528964528,16.29514945714666,17.348509595651315,19.84041669654143,21.12899087128287,22.423738202322472,10.801420801598237,21.052376855702004,18.938821380294534,21.169396171322656,20.168537557150163,15.745145867579222,19.519063491822347
22331,27406,9,10.129681930039661,21.801123627242813,29.298609562169144,15.377864774207458,14.851799050045217,14.676961336157063,18.765432845520017,19.49669023521215,22.213197489427504,22.113943837381495,10.129681930039661,21.11229989848921,18.44415563853089,20.457314530582416,19.88428507875751,14.74544122928339,20.509084680284257
22331,28421,9,9.160710469648588,22.711391072414102,29.734397172205504,15.649817928602149,12.394095069047639,14.890673960378976,16.758595654381555,19.05803481140153,20.927343865519486,22.92445424362826,9.160710469648588,21.758721380468575,17.34853276083312,21.898601220426368,17.833760685468704,12.987889580793976,19.13939784365323
22331,29436,14,11.707062264015317,20.848245487470876,25.341072064363367,19.29207083930681,15.52894084773129,16.12020303455417,17.855241730472976,19.27265808325389,20.049537797018395,17.500519464166292,14.851408211948204,20.61942186404696,16.672182966700074,21.042594808872828,18.740788751594792,11.707062264015317,18.28116965017315
22331,30451,8,14.655184121463089,19.375845431348306,17.152371717182007,26.312505300709372,26.345611141223756,26.39173074370597,26.350010622226627,26.526170820470885,22.12359701091654,14.655184121463089,27.350079426343367,21.913316170999366,26.42410532488508,22.926214069460997,26.531729418725316,23.413800109177327,23.744721977559117
23346,3046,12,14.791882618320464,18.61518446221827,23.884832759406653,20.872859263590392,28.067994307319488,28.352734226760813,24.501844610443875,24.737867564813193,25.6673974553839,17.552808650395146,26.072022782604193,20.337160753877928,29.106980845029067,14.791882618320464,29.831050983301157,24.736438537687896,22.503993639518
23346,4061,12,13.282696482367095,15.242004904663947,24.054301483426112,20.894452892116472,25.538742079272527,25.950014272828884,22.85071988652763,23.350224968816068,24.720068798822364,17.604820870566858,24.738677385515174,19.957432731243294,26.96742807814475,13.282696482367095,26.792587601479315,24.008656469710935,21.03293606311926
23346,5076,12,15.642719288012533,19.691888968753037,26.011482755617898,21.68283398974523,29.35909523857053,28.94317974009419,25.479210892546952,24.269596024491097,26.65277345385711,21.33084013054399,27.545544989302336,22.949977819855416,28.882193619400265,15.642719288012533,29.682331487941486,27.79446508432062,23.214584915612896
23346,6091,12,13.363556358961006,17.822007872157343,24.941003123987944,20.491780914658015,26.835467897198654,26.880391483481624,24.728444004256062,23.28268794341043,25.8569228058354,19.762709190714514,24.940607136337253,20.518008383530926,27.239619643498823,13.363556358961006,28.615646774197167,24.775970672691283,21.587575923288828
23346,7106,12,16.698290338157765,19.84884381636261,26.856891553549154,21.264605687822925,26.627567811924187,26.359926978826262,22.228275132269737,22.19158364337269,24.884339048179477,20.445101599908796,24.435510634646928,21.98171460847284,26.701183688257846,16.698290338157765,27.432858853986748,23.770121155322403,20.139500590797546
23346,8121,12,14.457092722159516,17.883709105974766,26.633546242594182,18.04151895194942,23.338004568732874,24.73792111923805,22.22007804766559,20.793159919463903,25.928749039419607,19.60420556206438,21.17389991219997,17.456695225926605,25.50350546809947,14.457092722159516,26.365836385949503,19.90168939720979,19.30232473408495
23346,9136,2,13.627865005005571,18.012646736580404,26.896406232526193,13.627865005005571,22.468133036626334,23.71338909772103,21.048510722815802,20.381010235377513,23.249718084645345,20.396268282179555,19.59618920705115,19.16466731756746,24.62838526274729,15.531710307231258,25.668033016442823,21.498989288953766,18.17299315624077
23346,10151,2,12.351560420340924,16.36790766715465,26.567870807299954,12.351560420340924,20.967961339160148,22.606452771631353,20.438572276636332,18.707257998403154,23.53898905669512,19.111715632753615,17.600808301260102,17.395786465886065,24.20640139918114,13.608621834289817,24.93492812781117,19.433276424536903,17.50942763045132
23346,11166,6,13.448968085966237,19.8164230135314,27.689393945545167,13.52270909812074,20.785327509559274,22.435304185587327,22.260645640257223,13.448968085966237,24.712278186028726,21.478896554210746,16.421877972408108,19.886052201003494,25.20177266376176,16.98715867837509,24.899657197190265,20.43356558315699,18.471552275520065
23346,12181,2,12.167112060976988,17.26651545251639,27.184778609481096,12.167112060976988,19.934837730465766,22.050858634702177,20.76432767086131,17.020340833752805,24.290071767700287,20.198664458053777,16.10277294457392,17.488357203288174,24.41966794943737,14.50442257460455,24.123941801651853,18.85473141483466,19.031875336543187
23346,13196,9,13.552981089783769,24.08437490241508,28.719355324493087,16.563737508505028,17.359977657799025,18.07373185651052,20.391791923404636,21.633671346640437,22.33137192906686,23.354671234392438,13.552981089783769,21.095625718239177,21.933638820388875,22.7059225541204,22.123465667631134,17.188538200485905,22.327854132570643
23346,14211,9,12.028674956315717,21.618246990626435,27.880946854680317,15.266489721781353,15.572261253547316,17.181785463232696,17.682704002591148,19.776174037939576,21.4924260851242,21.64452195968662,12.028674956315717,18.71053840304418,22.1057502735953,21.287500071888076,20.765042527191586,15.851068336392352,20.54555085106047
23346,15226,9,9.363472454457316,21.628666996916618,29.6717625520568,12.923394586813064,14.786348796089671,16.922934052758933,17.562257707874444,17.612890317704295,21.920331290197904,22.757646073644874,9.363472454457316,21.061750694830653,21.36845249529114,20.421840412150157,19.76211820182205,16.586439236861075,19.911799787700236
23346,16241,2,11.13513999430983,18.925423556715085,26.484385808068154,11.13513999430983,20.295614579882155,21.505905654611688,19.7215256634155,18.21930130018509,21.040377376317558,19.26685012866263,15.815673359837533,19.30931532899217,23.896349403232403,18.069199961191746,23.9946605685836,19.90698741681441,17.918937680592293
23346,17256,9,13.258310848037482,20.1509175531241,28.017470390815994,14.175468559230147,17.58108365323971,17.502268504305597,16.521493355367102,19.21729738486019,20.790555867016387,19.854278104295112,13.258310848037482,20.013678870765542,20.957984863651447,18.373574291339498,20.762237812306836,16.246578470372146,19.180506431912825
23346,18271,2,12.847145549838269,20.891814253141792,27.766460395629036,12.847145549838269,19.56136029885592,20.45047174510655,19.429750081229866,19.84079008635884,21.453839332214063,20.499451981884388,15.23717825361139,20.077436510955796,23.070946793345676,19.343521300059017,23.514035440399642,18.723588023911116,19.17359773548719
23346,19286,2,9.613512034380365,16.751598525567275,27.029300431993722,9.613512034380365,19.225354672694415,20.34730308412247,20.1093475461871,18.36265091136828,22.603575006505253,20.114789965298893,14.957107330294596,18.314652391261685,22.959027573964722,14.516762849471272,23.0812954511245,19.35863400310066,18.60519177261994
23346,20301,2,11.575397783354584,16.765292320254947,25.877021830134566,11.575397783354584,20.928962119950228,21.84810622006265,19.98300277057417,19.032601624202567,22.43779613883196,18.841015820183824,17.371765610434988,18.50406002539692,23.392783943657083,14.63656508981523,24.019753821983315,20.06226429342914,18.05850602031031
23346,21316,2,12.020183522522572,20.5906735741821,27.433894750493433,12.020183522522572,22.62496580402154,23.08707728132569,21.09853696656668,20.791886756794707,23.260794537978764,21.751907518403172,18.65715403881634,20.80356531747955,24.59673534241422,18.310614631323684,25.507830671732048,22.492569139510334,21.056892222626495
23346,22331,12,12.3661382892065,17.34202027031721,26.459528506178337,12.962174138274616,23.420581298516346,24.70827854333896,22.744060180098884,20.101077955952267,24.95697901462619,19.980062242943056,19.829111182416536,18.359060744243234,26.31639799792332,12.3661382892065,26.908698130248535,21.959360668155874,19.81958841220752
23346,23346,12,13.878908666958434,19.309065601143217,25.78921786416642,18.13121046465084,26.44517001202178,25.37433276308267,22.983841528866037,21.600811761868986,23.911299163053872,19.268624779073427,23.257437820522185,20.621791357120834,26.37918396014097,13.878908666958434,27.730144499211686,23.47445013336751,21.26241037369038
23346,24361,12,14.84372081961535,16.615268314561096,24.251871406384534,21.251773738949158,23.133995641665262,24.768894049268628,21.49519836932691,23.35474797298426,24.985938629462044,18.21225023267438,23.687975577284927,19.128890441602188,25.974964026184935,14.84372081961535,24.189837875553913,21.577807611764587,20.671765571919277
23346,25376,2,12.2014422996508,18.774843910516115,27.069321310904396,12.2014422996508,20.509460910228334,21.016741862351548,18.58694580632226,17.380780764118906,22.087350784037728,19.35572975347019,15.866832387629604,18.82578409359999,22.693435004707233,14.075862077497518,23.905167160822835,18.36341831225324,17.46806537040153
23346,26391,2,9.509851290403306,18.853258588708066,27.904608732978133,9.509851290403306,19.36858253237925,20.62530521359345,20.29680694567301,16.306584105599615,23.642914934071,21.044012175228858,13.977777368870683,19.262441843719042,23.301005425531706,15.029894712946117,23.982599603369312,19.398369521543028,18.982230456650324
23346,27406,2,11.692558890023241,23.213972843346436,28.154821357665448,11.692558890023241,22.218388239981753,22.392087940037424,22.24544630183296,17.099282061010246,23.153671760556406,22.646302232716454,16.21044610363289,20.854932317324725,24.28352239381145,18.73888342078141,26.22202561988995,21.345457305213614,21.45089926606419
23346,28421,2,9.514199814599383,18.367816110663846,25.903978075985624,9.514199814599383,18.497515999542458,20.527340139598447,19.12136966826439,15.75430197245079,20.69736076792172,17.983313554182665,13.778392349437352,16.50740289581284,22.430868609527582,16.48173364083952,23.255663146630145,16.711097979376262,16.13962894202763
23346,29436,8,15.618135029697905,21.446994610273684,20.893262732900546,24.947042917824973,24.951068410696163,23.82447817714197,23.696789890677593,23.003748270684607,21.666695779569622,15.618135029697905,24.811554568632317,21.15423761668333,21.757293400698423,23.195206992565673,25.712267715565396,19.302652892697303,20.187935425652835
24361,3046,8,14.255614867275233,18.713141538275345,23.38307016301277,20.198797702020393,26.747569185504698,26.86196893507257,22.962815615892232,21.483286903432916,24.18701325178456,14.255614867275233,25.073633590206445,19.30939317192332,25.519542062105202,16.380836186786347,27.548892472423944,21.814751923160678,19.319480153115606
24361,4061,14,16.466395186389605,21.008130974776805,25.14020512751834,20.279861353091206,21.59337000198489,23.005455476197508,20.05898392910212,22.514928499395044,21.329839772363187,17.14510488148564,19.826998394558522,20.341704205633206,23.58785884841279,18.12093466734033,24.240208815703596,16.466395186389605,20.09162444324475
24361,5076,8,16.558137550451498,18.95709931599188,21.575517799851877,24.98740611533123,27.097225208598413,28.92639209785537,24.10472642208208,26.412969318607605,25.98284668195351,16.558137550451498,27.641668141823747,22.121608044470157,28.283298658830706,17.66882945155981,27.96883242193305,24.53411443698643,21.648579808838264
24361,6091,12,16.420485195214948,16.475262872599895,21.522886382066897,23.486989245383466,26.993594406388823,27.813104999123343,24.416490550198834,23.843690552275106,25.356844942884717,16.82587431380811,26.954269591895574,20.19197334516033,27.6451974036945,16.420485195214948,26.953537494073306,24.74362721927131,20.799614903682848
24361,7106,12,15.960715974233258,19.569825402208913,26.154954685102364,20.23257083614794,24.73281365540368,25.744364283190343,21.75273029262283,22.966708472717116,24.58305343165418,18.62045521476987,23.151715053854442,22.146276643247532,25.879565654486157,15.960715974233258,26.51433996151064,22.958561405739044,20.719339006929612
24361,8121,12,12.175655034110122,17.040740244549713,26.044556906213828,14.903788904477507,24.157899141502323,25.298720797356268,21.383583825483488,20.33826684824186,25.110022426846296,19.07109584202305,21.345219826995162,18.611847218873116,26.51062639542367,12.175655034110122,26.908941725958453,22.515160569539592,19.79078883027174
24361,9136,2,11.540866911855192,17.846365484328278,26.428348918207913,11.540866911855192,20.68731216669383,22.03980155176922,20.60117716772584,19.697194752436065,23.206429496041046,19.65587027590019,16.79975046490085,18.746889894674585,24.51535378270412,15.338132231364456,24.605716884138843,20.417549934334186,19.355120985565552
24361,10151,2,10.38681338938815,19.385585365142163,27.295673189269422,10.38681338938815,20.17055089002445,21.699690456292544,20.00817581991631,18.04840461742713,22.922643956009814,20.49853765910807,15.533650307014994,19.098767408872682,23.400439576672646,16.795344265793076,25.039892549985392,19.613876594304646,18.323240745028457
24361,11166,9,11.58508460676871,22.154371551196895,27.180803782824462,18.722751942958222,12.750069800378819,14.454718050960734,18.248495437804593,19.223768744090894,23.012294442071074,21.54617598800813,11.58508460676871,21.868978388013396,19.452618401158386,22.663798622339883,19.215145038742328,14.917203002050204,20.35696512832341
24361,12181,9,11.07698136738622,23.32131256414593,29.90305566040253,16.08691214769261,16.327021630313435,15.811018362876615,20.08654639733156,17.56195087641938,22.46322006240197,23.58125447547758,11.07698136738622,22.3084980756972,20.449632834184165,22.017537144699485,20.66140598927083,16.769194707560146,21.365234375506073
24361,13196,2,9.991104655776235,19.089167858759122,27.7375319511773,9.991104655776235,19.037607037945406,20.419017605086314,19.164077013857224,17.834423725376553,21.352008860891434,20.68087665170623,14.448520053829732,19.346301941302308,23.38176934874319,18.639862958953472,22.851113575266407,19.635911886698207,18.72058744176425
24361,14211,2,11.246389455591894,20.35061903248558,26.589716847105354,11.246389455591894,20.52282315538744,22.257049013844572,20.907679179442784,17.313053066388644,22.053539480987883,19.763512774611574,15.788224659107366,19.600675832871485,23.939458972021818,18.895909755547176,24.321819661861856,19.864518582403438,18.409243711585273
24361,15226,2,10.738083681000266,19.91659293645782,27.141079465323518,10.738083681000266,19.132898257625268,20.81661928108501,19.274617362422834,18.167841932638275,21.39798734015913,19.876653778280836,14.511403479526782,20.163294262710075,22.838575949540736,18.52847748161818,23.307625399660594,19.188384524398007,18.470605999936204
24361,16241,2,11.195475177965953,19.418965864366797,27.4495356841969,11.195475177965953,20.397531332141273,21.47140543441898,21.043159950871864,19.09962588278525,22.455310493255208,20.286072773768215,15.35356465274613,19.313635006145244,23.883927373192027,17.95536199544287,24.922031002740617,19.667830516434595,19.298686170012942
24361,17256,2,10.669056893171238,18.29164175778903,26.65614331224501,10.669056893171238,20.636391715940437,22.29592914537185,20.020245299565097,18.9605253205308,21.429339277606466,19.129593273443398,16.49260398985525,18.442064636045863,24.066985366578642,17.52227729470375,24.690796785872966,19.96093822693749,18.0235461451239
24361,18271,2,13.956823163420411,20.83833512051811,27.53325745508546,13.956823163420411,18.824965790606505,19.36266267781207,20.935206508090385,19.48195704411498,22.05518431330515,21.13477404007993,14.190012092856692,20.472571226370075,20.71669239654996,19.451763075294345,23.34236354002924,17.449931763034503,19.712336981379927
24361,19286,2,13.36735245891639,19.041780482457273,28.480391821795212,13.36735245891639,20.8531203562353,22.896931694684884,20.860574850567,19.762961515179775,25.947664474293273,21.35202192041048,17.707032402280564,19.372284128366196,24.38516808180321,16.15093790886779,24.721010424244085,20.448644853711077,19.39826825945463
24361,20301,2,10.843855218404087,17.03019724851987,26.15791920525366,10.843855218404087,20.910533910445565,21.684990693559534,20.279480529699423,18.760645115362728,21.585396525304745,18.759579016215543,16.990714390690318,17.534223827811363,23.043040719608282,14.62710724174578,23.554044565758623,19.504740293720136,18.417686520061423
24361,21316,2,12.008130416073437,16.241049556730218,26.61679575820988,12.008130416073437,20.43912732153526,21.65887041410431,20.386097474902922,18.54942392659219,23.65609706333515,19.22981144826237,16.766403014889512,17.70833288782575,23.891640509940927,13.573934960571476,24.21379060035185,19.36686147876867,18.44172379875555
24361,22331,2,12.099447377448598,20.558128815439513,28.714125208914872,12.099447377448598,21.163808484077236,22.747524108530165,20.259945410955645,19.716656771908976,22.74644915783362,21.637529432726367,16.755567303659912,20.551245392722063,24.69651704580979,18.259416869748808,25.19213349877738,20.623494606263513,19.77307298694313
24361,23346,2,11.462411575324655,19.15039727787069,27.050656806858633,11.462411575324655,21.685023657745226,21.798894202348336,19.47127943894075,17.539125975127607,21.165256599847265,19.39917473102576,16.78882314785462,19.909328226944464,23.5456900662541,16.82193452552092,24.714029320425485,20.202721424811816,17.94779883638789
24361,24361,12,14.601393121138122,19.322964196329547,27.18305270784596,15.147421718244601,21.724558028723855,23.190736930636458,21.74741803656999,17.836778791077915,25.158666445935044,20.661554081197924,18.260367596559686,20.017064861426974,26.029876969497348,14.601393121138122,26.29518880652461,20.852441107134098,18.99761111896915
24361,25376,12,13.665234550670055,18.721892271228683,27.33689510276661,15.754840327135904,21.731371777345085,22.816818118095885,20.59311750026178,17.595758040717822,25.516619265539223,19.986526137736217,18.664843494811738,18.864895785076325,25.199563731010084,13.665234550670055,25.453749022376158,19.92460492343295,18.647198766352428
24361,26391,2,11.821869147654857,20.098874670736635,28.147473514229358,11.821869147654857,19.46294649856191,20.9897403130895,20.69076610472272,17.352666235659857,23.94175531289018,20.814586145171624,14.02019952741883,19.764120261168614,23.162652857117788,15.788629172160736,24.004817082657414,18.28208055030794,19.533118570942364
24361,27406,2,10.731220479573684,19.820815974295318,28.36760778828381,10.731220479573684,19.398228827158004,20.760593577154015,20.531153757959203,18.685907043635268,22.99665271575426,21.033998900020176,14.251218010651359,20.26252670767383,23.25798660633261,17.68979518181044,23.646039397893496,19.280952654767415,20.074540930711326
24361,28421,9,13.385836597781442,24.695224070008685,28.6548734970884,18.216868147966498,16.05628056518705,16.801902509382096,19.402700801213893,21.7434563336126,22.16404367160722,22.56460748257942,13.385836597781442,23.375147324922224,18.94836374016226,23.244850577284943,21.3838953561546,15.229481246146218,22.08129687890733
24361,29436,8,13.854250852387954,19.709282175909244,20.39887029533351,22.445028044448684,22.602786785135617,21.481357568966544,22.21489212473734,23.262581270357312,20.8333341307835,13.854250852387954,22.17222283482629,20.952449070299473,20.91366955076963,21.295939306694905,23.985179180917743,18.903307404211525,20.701772163935797
25376,3046,8,13.092880616691591,18.702633169912467,19.91696570131106,22.522977654304807,28.34632655533305,27.762271628311797,24.82015705602904,23.841706799551087,24.517639499092883,13.092880616691591,26.75031567217576,20.440397716563215,26.993372684090534,16.76734191133021,28.899596031570074,24.130501257792822,22.411560197471587
25376,4061,12,13.618758417621537,17.64696206241087,23.781058210475738,19.930993201474873,27.760853641826664,27.444790745551128,24.077654353629242,23.336990275725075,24.170255321401466,17.90204741347489,25.652819238144406,20.74844669057583,27.938613841160837,13.618758417621537,28.70414717695105,24.848333641901736,21.23514724894775
25376,5076,12,15.526001659526864,17.49768722456488,22.75437938966151,21.844016175791538,26.248932619550516,27.61842495912513,22.5106395133603,23.664410204226563,24.62370907287784,15.852035063473535,25.539302189740102,21.121418415151172,27.823284401665386,15.526001659526864,26.921889545347195,23.723212416102417,20.202727977946115
25376,6091,12,15.094007933258936,17.950368571350722,24.64897316278127,18.108690312412953,26.12051164834542,26.341890345317818,22.929385785156256,21.577769485867805,24.00898119805098,19.151928129968393,24.177631777331626,21.095450892801843,26.355940857286278,15.094007933258936,26.533287470951723,25.156289548247347,20.615277831976385
25376,7106,12,14.760864640493486,20.321193724823594,28.14235817879459,17.63639225687006,26.75121022031969,26.971382234258627,24.795978990306303,22.35004676668017,26.479240327429856,23.62182290301989,23.294042579538047,22.134462921797482,29.000887629521436,14.760864640493486,29.29131996755468,25.62718496878926,22.422218264630555
25376,8121,2,12.376969930098308,16.4077161778664,26.146842507882727,12.376969930098308,20.68797240901917,22.92097929125719,20.91319746132699,19.459738317157168,24.576190276818764,19.073009757735,17.773059877645863,17.525171580769364,24.4412827475356,13.411447792827891,25.122830897039837,19.925317907051166,17.879816529089705
25376,9136,2,8.738257099309958,19.19437071318748,26.336343169955978,8.738257099309958,19.11282598517659,21.07663279228932,20.085481779550268,17.941333363812948,21.790312778412734,19.939007969057688,14.296170388177885,18.094180969300186,23.630902721693094,17.99068056184527,24.168360414570262,19.12437365438326,18.304233613205447
25376,10151,2,12.185992643327143,17.969316489602686,27.670595838443052,12.185992643327143,20.016066065813835,22.232810003919592,21.40144441201168,19.419447269859916,23.847404750247758,20.774246044873728,16.92091723431242,18.95817000512008,23.967115302973642,16.937814763445,23.87709022028193,20.182373549788963,19.072121229925248
25376,11166,2,11.770568467566662,20.86807276564092,28.27483170661497,11.770568467566662,19.669396744866695,21.866671911159163,21.758466966371547,18.146647726712335,25.229572742827973,22.287266807513525,15.085458090178005,20.42565100400489,24.867590357333533,18.483665851241888,24.84748671254065,20.218154031701935,20.619674936139837
25376,12181,2,12.293265182429941,19.020866231317434,27.121984021744513,12.293265182429941,19.530354060619022,21.809256058128955,21.38884233050187,18.085465624294265,23.94826791867722,20.374472425104,15.59233864429859,19.784642706624915,24.21942643974836,17.0242135942645,24.545535470683642,19.628654370459643,18.669313603834997
25376,13196,2,10.65746106787177,17.04787362352786,27.199116953916985,10.65746106787177,18.53963326421597,20.417602401929944,19.282877503382842,16.913521073414532,23.30317977743382,19.54655310080446,14.606297529565747,18.199194573025697,23.359489135667793,15.552644238278093,23.237303819940706,18.66312083115667,18.15831147550479
25376,14211,2,12.69390804955868,21.508416584164397,27.572920742775995,12.69390804955868,21.010461369628988,22.075769877550016,21.095833759631173,15.344669529844012,22.7136512765265,21.24896114820979,16.39230057401336,21.310540788838694,24.665488764419166,19.569711163844286,25.309234563269488,20.86231682160841,19.409533894949636
25376,15226,9,9.360965235454412,20.885506786583413,28.57273026391414,14.343629634777232,14.61997880237402,15.222972937002746,18.217697465730264,17.18877230572069,21.4960821259792,21.011966757854207,9.360965235454412,19.866912128760763,19.484807200659226,19.92224229828327,20.040877496687212,14.120281885177555,18.904580802665887
25376,16241,9,10.56504538922766,20.915540383956674,29.37911728550295,13.551246409605138,15.801440473377504,16.341204464334186,18.839925937045482,18.569407430598194,21.822671512815457,21.568477999397697,10.56504538922766,20.643837111553268,20.064239801188922,20.146145359714208,21.29002345003651,15.754704360186786,19.258733262136122
25376,17256,2,10.694292317996549,18.178567968038596,26.223781823980666,10.694292317996549,19.17294139201956,20.812597988806978,20.195057843509055,18.574538243580296,21.580268527772525,18.98664003456213,15.059597625017735,18.64354722815637,23.196166754456478,17.49037863460042,23.89374282376977,19.124993686450125,18.083510560387587
25376,18271,9,10.041351466226617,21.163566484876462,29.47380562996781,13.835172533330908,14.969446697961605,15.95142239222034,17.70886834116124,19.607542591427958,22.02838482442826,22.418932752714753,10.041351466226617,20.261297939602834,20.661856241791458,20.973572882316784,20.63767156483276,16.382482982458423,20.414401139691034
25376,19286,9,10.627503229008576,19.917654062308582,28.587742970719297,11.318070828422238,15.310559587432516,18.14977582753497,17.685475462369478,18.798893547391096,22.417347875907836,21.61703884450962,10.627503229008576,19.28751251378882,21.876100412932495,18.620524911690996,21.0300534205277,16.621137744613694,19.39333033637843
25376,20301,2,11.410840116880651,18.691979888264548,27.676645723015636,11.410840116880651,21.135171426911434,21.901091152824986,21.36525856106634,19.34099923190693,22.533358192653957,20.74617555992155,16.60191021350914,19.02400396516758,23.281532550732233,15.555938506957938,23.963043485469488,19.641099337007468,19.32230573843113
25376,21316,2,10.329920552162967,18.738939627570048,28.53028366460851,10.329920552162967,18.38146520931268,20.270609229688468,19.887226237137924,18.260670093697968,23.401708467760027,21.542622203348742,14.136140016751224,19.357927416715572,22.94308681753447,16.839354441244158,22.58440654448782,19.068852079050707,19.358466366630285
25376,22331,2,8.382452459483364,19.063205795671934,27.750028443332507,8.382452459483364,19.403583349638026,20.315429355792368,20.24328566891265,15.740102759124412,21.66786098510909,20.499220155518557,13.544714725018924,18.54648948015465,22.74330526091304,17.076316475642923,23.78403129368121,18.621407448910446,17.95061734082643
25376,23346,2,13.567910460939629,23.00442107491082,27.82812435410923,13.567910460939629,22.43779218134639,22.914348438559212,23.270768462762696,15.6394373138743,23.642007429100616,22.39205394660514,17.283813854301417,21.042144572620984,25.259792009642574,20.89923951962132,26.65641608275729,21.501364223615727,19.67434210439545
25376,24361,9,10.863321251691126,23.66570774845575,29.52468958296207,17.13442103563596,14.470851000175585,16.057871377783467,18.94759100258343,17.796707708565613,22.57778426137668,23.60856134176264,10.863321251691126,22.576720319192816,19.07866967236725,21.984391657868123,19.180573369505787,14.332053199820614,19.97794963219915
25376,25376,9,13.853474652554544,25.125411292806557,30.53931439033884,16.866820417516088,18.31118058552348,16.451753265163934,20.07273989991055,20.021620235615064,23.655903680191884,24.736399920817366,13.853474652554544,24.524658302822584,17.35846122556868,21.808825654454065,21.729025928676037,17.570441827954934,22.148857235425744
25376,26391,9,12.403813889603512,22.76140996396447,29.004345796927105,12.611652227597274,18.233506282263544,17.89161867682761,20.54257162134604,18.831397330635266,21.046078232206956,22.639698091434468,12.403813889603512,21.684714576149435,20.438549050606632,20.80100000565498,22.629121033104944,17.71310344474336,20.332446501732743
25376,27406,9,14.487743065414001,23.690057826981146,28.722482888347983,17.980746620147315,17.660128412078464,18.003944613371445,19.50968968832416,21.598506573458415,20.750302970967997,23.28080253475637,14.487743065414001,21.14708306110084,18.87358156531648,22.26171903232624,20.786476052994253,14.755423442673314,20.328089787553107
25376,28421,9,12.091022209688935,22.9487245094233,28.322194501028473,16.18786522893474,15.621277139213428,17.132516572162785,18.375199821731478,20.110656912356905,20.519524339552042,21.548058339561894,12.091022209688935,21.433237017533926,19.22955391475643,22.40903382827243,20.380122899415845,14.68466098764563,19.448493716588253
25376,29436,8,12.30575221207653,16.872029376412865,21.826961763053095,18.824695560690174,18.37345517834761,20.281407972672717,18.515783584004936,19.72563205331352,21.124263111249146,12.30575221207653,17.594832093830405,18.12435977992069,21.583544377419475,18.74421782663164,22.12702914076692,15.028952163072008,17.24272706320479
26391,4061,8,13.316651654707474,18.768951601380795,19.628717630285948,22.755431214731672,26.092842295047735,25.45907092134704,24.616336257313968,23.668797033403532,23.05112624878821,13.316651654707474,25.53738245123659,22.019829042197422,25.23325594148282,18.98271994073795,25.783026290531698,22.917321559257694,22.291088018703256
26391,5076,12,14.599301977621616,19.05254839800043,21.99358844290756,21.143451845900394,27.79808824983113,28.369411530245635,26.016570583371205,23.651921891813043,27.037920494612447,17.397282417459426,26.177745827456512,22.385594626241506,28.39667877676899,14.599301977621616,28.577782732358777,25.635188655409358,23.57927373400538
26391,6091,12,12.425828800261142,17.114265428384016,26.24656216452575,13.478927534162722,23.258204974808987,24.77537536945518,22.905281862828886,20.080257461385983,25.550485053584655,19.31520978440078,19.937724846806272,18.496630037005364,26.188645337150884,12.425828800261142,26.93541083105115,21.744787889905858,20.13301769967176
26391,7106,2,13.180749000922756,18.664915461840426,27.46423773180772,13.180749000922756,22.357877347304843,22.66698452880243,20.924775112499518,21.208009343742386,23.069032118962685,20.79055209736727,19.048392229236164,20.422797103255213,24.215778139361323,16.560838567147147,24.92591397841713,22.00101625582568,20.514829040273238
26391,8121,2,9.043272478207331,17.799958852108162,27.38731837888295,9.043272478207331,18.941278564728385,19.93814765930194,18.99427778473277,16.824334564640456,21.376240788417846,19.779006894874495,14.24194720508395,18.430067475265123,22.21286184882557,16.495717189082065,22.665377702641557,18.903073575741978,17.489780119724532
26391,9136,2,11.911314685915379,17.60465141826779,27.182474616482985,11.911314685915379,19.84044805189994,21.532859918816207,20.022106822974326,19.17044059077929,23.318789675867244,19.659012624499947,16.258047226965083,18.59282209194624,23.884983903425056,15.327700262979794,24.50641031894391,19.512234696265253,17.995760054351877
26391,10151,2,10.323487146311221,17.873367655413993,27.403467679426857,10.323487146311221,18.774550527446785,20.577920526973823,19.66905853830859,18.399794982928796,22.145584431330498,19.934975919805147,14.617324899267976,18.672504905721087,22.710324423728977,16.388530276412453,23.264204405404005,18.83217041823638,18.098167797312236
26391,11166,2,8.954639981330264,17.374301078675618,26.885860076612687,8.954639981330264,19.158937078791833,20.80115662306257,19.284542512197905,17.769160812681942,22.248821306989722,19.844672257892753,14.789697359683826,17.789962604431484,23.39101813052932,15.74872262586474,23.501275288869348,19.226730237408777,18.00922612447042
26391,12181,9,10.995947497278033,21.119039976863828,28.65140365434762,14.334746615372854,15.586050859295781,17.486842307464883,19.782208697395035,19.503532662231034,23.352393099094517,21.855180068219664,10.995947497278033,21.011403743347437,21.583310445006155,19.95728872502368,21.655432551788486,16.29337662367614,20.434322425730784
26391,13196,2,13.55188179154969,19.716765127941397,26.61655395499351,13.55188179154969,20.439117161405154,21.375048593962596,20.859466696952392,14.88263495703364,23.386378516170005,20.02516634101032,16.231450417895545,19.85215286559697,24.675463675571297,17.395111105472687,25.024538045937355,19.881785274644177,18.649987147780475
26391,14211,6,19.4211098784427,25.850812718095103,27.394848854942364,24.858151535355926,27.01681061968489,25.82066813631853,26.358617227884597,19.4211098784427,29.16775656462132,24.54754821905337,25.427041142961592,26.50802482717808,27.262535937788645,23.34895661418712,27.400383547092403,26.037787416212993,25.147846505680736
26391,15226,6,14.345846432541494,21.868508243724097,27.263619021514806,15.223355496282192,21.02505389722405,21.693326563585856,22.139902581538404,14.345846432541494,25.205905840498723,21.424340942557418,17.08952084028058,22.397792580837457,24.33002333031878,19.70980181827188,24.815818522965586,21.166733728517382,20.671803535604884
26391,16241,9,11.392135730994424,21.428212531401243,29.550573281447495,15.136565424512362,15.487856433983094,17.119301167341387,18.149341777194945,19.722257432085183,23.972136571383107,22.868884640769725,11.392135730994424,21.402678686488088,21.614792177941556,20.279186491877205,20.59782998546842,17.08096501121162,20.569592671654455
26391,17256,2,9.813723515177593,19.707887603227036,28.10396730872308,9.813723515177593,19.759028573074655,20.41140700058428,20.062785578955502,18.208921001451348,21.920371719046674,20.855867402650524,14.129697265105003,18.898798784984432,22.84893881046577,17.562926160075058,23.853237381978825,18.873778467830576,19.159148773289317
26391,18271,9,11.521514616482591,21.974958005906455,29.900017753156998,17.944946729308423,13.929148256044598,13.286193560690664,16.659676322646614,20.09443324949075,22.59286380797387,22.907256584649378,11.521514616482591,22.531543810930454,19.525619884900753,21.92728957166414,18.130052582433457,15.985276115060781,20.788854514032707
26391,19286,9,13.552000382314443,21.422393757981517,29.762451314485556,14.72232192536104,18.29903986604895,18.971525248792577,20.014548540732473,19.52328274420325,22.992555074796176,24.129828097354007,13.552000382314443,21.097946470476135,23.30668164860916,18.95518176327438,22.911247052501693,18.972520040703113,21.02491648899942
26391,20301,9,11.120934686003363,20.797027988573678,29.30778715261386,13.768754735936044,15.25248220347057,16.740248196805023,17.500442007282672,19.73052737771157,21.717423543190296,22.083218739661643,11.120934686003363,20.552184649777992,20.651648083268213,19.906210436672957,19.631011398781958,16.35297911013448,19.902798637591246
26391,21316,2,11.076014577989394,17.45320795687811,25.66233944438197,11.076014577989394,18.58296413957101,19.102149149846195,19.663187900026095,17.419312852756512,20.279258173389984,18.521730611923854,14.219198223016688,17.454875551935583,21.39798735673114,14.882099613663064,21.57747794084761,17.29487317969075,18.023002048185962
26391,22331,2,9.656228630054732,19.63392876354353,27.28542890915554,9.656228630054732,19.76448727829931,19.787605325928226,19.370080437642017,16.586497695162112,20.344305017943917,20.18088674915633,14.208202977524445,19.160091990593187,22.298179495176434,17.426660504881525,23.284248495591402,18.75863499969106,18.079467519613477
26391,23346,2,11.669606669458501,21.20074851684798,28.644624625144697,11.669606669458501,20.400409245635863,20.837086822099074,21.639532715323718,16.662482734493462,21.334909099639297,21.66299758666814,14.773700188216827,20.523149094029627,23.157293976517774,18.92052527005873,24.4343186809988,19.20675949213097,19.114855408152103
26391,24361,6,14.736999879941036,21.95680819467506,26.847273915817933,14.880849817809738,20.783971541553143,21.497223865607126,22.53039294531986,14.736999879941036,23.38631455998942,21.057831624743624,16.444674754143794,21.794515858861686,23.45345613694475,18.950145026170254,24.601052600645033,19.739066408660683,19.902179673540555
26391,25376,2,11.80259079550003,22.65570891941683,28.494491673694135,11.80259079550003,19.319965067076836,20.38887280798535,20.07652271623662,17.431570761432276,22.395902852217137,22.244296699597452,13.780544345609293,21.805249925643793,23.117725229784252,20.057725456854822,23.565362969402905,19.523802652029307,20.246241489976807
26391,26391,9,10.174598660695178,22.550442479618773,29.19427320776688,13.678956648510434,14.514216700251769,16.840703331307335,17.524321965685576,19.89548770443966,21.36587853220822,22.870304364654306,10.174598660695178,21.398034945566422,19.87278401271027,22.142200411837802,19.991918968418094,16.180107144557468,19.88960452442648
26391,27406,9,10.569962731362208,23.643533737685527,28.921368450582182,15.610190674947424,14.067073984451955,16.594305911050423,16.58428582435453,19.866424853093438,20.65553439312801,22.866612334398045,10.569962731362208,22.1451743976352,18.290114044555448,22.707611944190504,18.536659512216175,14.238427971917405,19.537155032319458
26391,28421,9,9.689841860654347,22.139798178404003,28.750524738065923,13.373776270621951,14.051929333551785,16.906316242753284,17.792148935741757,19.833522258578416,21.043259738371752,22.23989211982471,9.689841860654347,21.058923564388667,19.244946453283745,20.773017180776787,19.839353161818526,14.563141831458204,19.755135607678714
26391,29436,8,14.318064143631783,18.160738736804177,23.159242251704942,14.78468135789613,21.628263336765183,23.795482294811265,21.08727812728632,19.48039016459307,21.615182426133178,14.318064143631783,18.647778260448288,17.201883621235652,24.682728806374886,17.28027186932733,25.531919097614292,18.680989581914055,17.904481995102252
27406,6091,2,14.150761211372869,16.753679178706257,23.52089573384117,14.150761211372869,22.154996912747094,23.184255929862232,21.127181230198165,19.420548554988653,22.685495391197772,14.546276984792359,18.911392383491663,18.641230549247133,24.40633777442775,15.818218980036981,25.893054948516365,20.07147674228786,18.231980312404083
27406,7106,2,11.911938639795018,18.150480266027635,25.94711430009675,11.911938639795018,21.18205710632196,21.569789971912726,19.950817604470576,18.4830657070401,20.828306673799897,17.678333102882018,17.239328680672383,19.103855087282135,23.035682247060212,16.532639269569835,24.562614499610035,19.63411103109532,17.8971541532559
27406,8121,2,12.387018985224374,18.03589959015095,26.6623611575068,12.387018985224374,21.65968284597819,22.57200939011747,20.98871031615579,19.241614652109128,22.940677905384497,19.668300227186844,17.950454958152473,19.47463461178052,25.291078264011507,17.445493883702518,25.5814958075575,21.49952907474786,19.307373646195593
27406,9136,2,10.962776659339395,16.822204629899296,26.77682673198922,10.962776659339395,20.4739243905674,21.985577037307067,20.65536561023669,18.15014809462337,22.83364626845389,18.8644351353948,16.443354318938866,18.502757584236786,24.502795863960664,14.750639088389496,24.611163119476462,19.914734145165358,18.13172713745421
27406,10151,2,11.386241575190631,18.117221375577508,27.153513783433485,11.386241575190631,20.811800237702343,22.409177343419486,21.454552768947718,19.656545406405257,23.792547350617326,20.248352555256176,16.901420363599854,19.78689757730336,24.492533229926206,16.03125099107141,24.370140558021056,20.90185549469477,19.773947796382405
27406,11166,2,11.808716704169399,19.784987349028615,28.44376796937495,11.808716704169399,21.25765201973465,22.74137571635504,21.568807610522132,20.226144754704155,24.54397755476414,21.835245149489204,16.87214131867399,20.657571342932926,25.80881712433197,16.994045221663388,25.803601341696258,21.509116286959713,20.730450208633343
27406,12181,12,12.561168439218706,16.04648519365356,25.826095248038442,17.39807030061512,21.657234104146973,23.031987562638157,21.537443160457407,20.276379183031537,24.512808628504818,19.33857178547646,20.105448528273172,17.891353276859096,25.77615933372177,12.561168439218706,24.967713111155362,20.373168727545718,18.415708388933584
27406,13196,2,13.44259815758374,21.155948850731686,28.505256905458907,13.44259815758374,20.269755771606288,20.938138944702565,19.815567116196878,14.69377763923784,21.66953845282411,21.16079311822843,14.885600789031848,20.609317335536378,24.299236703247946,19.15808356480831,24.08686921551428,19.356949592145483,17.94939913790175
27406,14211,9,12.086618971557062,23.89380860518226,29.49678742738935,17.325321812500995,16.95643348567212,16.47399446346361,20.81944899637989,17.302850297907533,23.18105475499639,23.604547606308792,12.086618971557062,23.23848010450092,21.231725362721967,22.92315920501111,21.434450419621633,17.5381974361044,21.6677108325137
27406,15226,9,13.05999089081205,23.3044552972975,28.875565955203342,17.129425726407177,18.086532363078085,16.887756007898922,19.07260016053902,17.45861721756114,23.576042126099193,22.321395223178282,13.05999089081205,23.166576381195377,20.426237767034753,20.965296180756148,21.37058166053786,16.52057539327132,21.542614505269412
27406,16241,2,10.349582224465385,18.42751304558689,27.283779754456845,10.349582224465385,18.953904429840097,20.746966499684522,19.671894613553565,18.700969721047286,22.36791892189509,20.209547789961395,14.900644730163043,19.471525855310876,22.993660410357208,17.02060434338463,23.05086891355491,19.526042967800603,18.80790387920965
27406,17256,9,14.218390314140033,22.252092971612505,29.60215489485405,16.513430132761936,18.95049206099366,17.83385998126206,21.226377958056315,19.460591489904786,23.071129482858247,22.70812163460731,14.218390314140033,21.190102490661495,21.767329099993148,21.14336042069742,22.934897193821392,17.98200274934055,20.988634906904565
27406,18271,2,12.395030100946757,20.796198182838783,28.549785201941926,12.395030100946757,19.336116948349705,19.418073252686817,18.262664794665355,19.008078210919404,20.429679189447498,21.564777311913577,14.169478658958875,19.801309278405768,22.589215538361525,20.01619047432771,22.308356269361585,18.960721709394623,19.65585375400159
27406,19286,2,13.90942534447946,19.64916509132756,28.745110816555158,13.90942534447946,17.905772185081243,18.751671959271484,19.284422969698763,19.717607954987898,22.791982439072935,21.34185363551197,13.957169024376674,19.595948234415953,22.229185117903747,18.017228265116636,21.70561102801574,17.657970923940848,20.4302685730054
27406,20301,2,9.490237652297447,19.310415001268574,27.813385472302635,9.490237652297447,20.497448865515484,21.091697146035866,20.795398654042806,19.025158039788305,21.408325615422132,21.1082017711783,15.59160315959903,18.710460123737228,23.054927786837514,17.484686727837982,24.272341238044792,19.991946858943226,19.43373926460807
27406,21316,2,10.073316846064932,17.963297012663492,27.600057345281652,10.073316846064932,18.50791914759348,19.889675302465843,19.923474986510364,17.897522476006554,21.78077224729916,20.6003790910943,13.718351935249217,17.466481535306315,23.260894914579012,15.785918297884601,22.687807467440635,18.102715231923785,18.98200711754156
27406,22331,2,11.334262268400776,21.51016356388504,29.11872196205801,11.334262268400776,20.712406404638266,21.358974331552485,21.169325243328476,19.108261121552978,22.004457126893747,22.962131147136123,15.159606783282909,21.068690407523412,24.191064710541102,18.73431574407384,24.278851381817717,20.436754271475984,20.485582099249665
27406,23346,2,11.000143174541549,19.231021172260785,27.47345724759466,11.000143174541549,21.13380915312228,21.904909935592617,21.538549426520312,19.621789455076566,23.030289242500956,21.16497890445687,16.764026051527704,19.77009735060502,24.199626542422795,16.895071870137695,24.912325461723242,21.083590232001765,20.547850979453727
27406,24361,2,11.377315864235758,19.094452008139818,28.026393152729604,11.377315864235758,20.426856332077307,21.730296352368224,21.135650019055106,19.810055840599418,23.487633842042946,21.638245166558907,16.428731123422313,20.209042366708868,24.145550988737053,17.283325293626024,24.225739748552467,20.952017704196212,20.55750883973924
27406,25376,2,12.064555001058844,21.334746571518092,28.077325321299583,12.064555001058844,20.72443742704584,21.68846934908676,21.444133566608933,20.632648021444144,22.934311419664212,22.227540878268417,16.287936067352675,22.163694170195406,23.83901397560826,19.639350301369824,24.22318080666422,21.466828743800786,21.814450975206856
27406,26391,2,11.018838135040422,20.54490711496917,27.56784498781295,11.018838135040422,20.722224914897897,20.565439462354718,20.15996691039136,18.992684336115225,21.30934195255349,21.304116598464294,15.844579808205197,20.687088512394553,22.780096322708623,18.55500313114732,23.929150516953875,20.55674513317675,20.232287234271944
27406,27406,2,13.161772320167312,20.398259637494984,27.97617028169968,13.161772320167312,22.229520501379515,22.325437567174927,20.674235008197623,20.904241050997115,22.452838270086406,21.36761680217669,18.107082943680464,20.63543179002122,24.1448402588448,19.00051007546975,25.070849328722755,21.439877891268015,20.77696769149883
27406,28421,2,11.332518121721696,19.381058302302584,26.744402871567598,11.332518121721696,16.234855975617013,19.252172182544705,18.385240166582193,18.334639246069845,20.43614444411982,19.83086943382339,11.758467009181782,17.476449010063618,21.136124662687294,18.366070064379556,21.228166445730942,14.931463806759226,17.639420793235765
27406,29436,14,13.098910239824855,22.867211552328314,27.5511764781766,18.538519971516383,14.219683746070567,18.07470147004501,18.227981509260665,21.23659526017503,22.17624900585058,20.799131266677733,13.392391098932753,21.766149838325642,18.912625603834176,22.407601142107822,19.1897072498685,13.098910239824855,19.97973150049148
28421,7106,8,13.099217025403647,17.381624619242473,20.91566789919323,23.222200500758778,25.432831546756024,25.57726489792247,23.375563256504968,24.652511978542755,23.492657224125878,13.099217025403647,25.40614963909341,21.939865094644368,26.142378722437563,18.8085586522389,26.52899478633096,23.1854188208885,21.417817837218923
28421,8121,8,13.991885411509896,16.564783148908695,23.23865367177755,16.38084598467909,20.9753679248499,22.741371905127963,20.478621263714047,20.753217728605566,22.500156615965764,13.991885411509896,18.743041538495714,17.554816764788,23.08733155011029,16.042277381594037,24.843540606302216,17.447779181318094,16.882637783556724
28421,9136,2,10.738231343662783,16.318164732850374,25.37593692602435,10.738231343662783,20.050061046927453,21.229516226250226,20.34578521717813,18.069708179195942,21.731964610523466,18.243449926248466,15.98148302922066,18.17957781407883,23.341029920430326,14.735417887196855,23.57092929695922,19.356305092190293,17.987692757189613
28421,10151,2,9.710858092963079,17.722656651009462,27.06104067041531,9.710858092963079,19.585704508457344,21.216190714699447,19.569216543255493,17.315516016779796,22.36761358086795,19.672474427707673,15.358088417601769,18.080462819443316,23.485332540956016,15.820547908045095,23.696044581849716,19.287349209512747,17.188264273271933
28421,11166,9,13.600196771702716,22.213702789038802,29.038467804352397,18.70664033215977,15.383839825953297,17.239356399128145,18.06875484242728,20.282908606406885,24.273585474783996,22.185225402839883,13.600196771702716,22.89695634482763,21.24778961674147,20.650191918745346,20.11595343769732,16.01286885475564,20.452182520935928
28421,12181,9,9.502982003940852,21.547652521788613,30.012618725939618,14.06615093947502,13.74676736175629,15.661794436364003,16.868715343194978,19.29892822282346,22.66363471895318,22.914757651639782,9.502982003940852,21.651415776640338,19.90856315762524,20.38534510503114,19.342276429725647,15.859731942363462,19.975941739421067
28421,13196,9,11.301916235208013,20.036262742130187,28.19935057399824,12.14072842639798,16.220792156007892,18.131629673547415,18.35963402422914,18.33752378898056,21.696996112959205,20.973198185195223,11.301916235208013,20.34818364746232,22.216379487036644,19.67568127182024,21.524691640904212,17.473988033892127,19.558643194293943
28421,14211,2,10.932075641113236,17.784663254795152,27.09386252476014,10.932075641113236,18.297808633930867,20.24401598389658,19.906038340352154,17.41732903810537,22.903094223644917,19.898171588347985,14.126089978541184,19.347777617875032,23.350967979777195,16.456798434751576,22.559171147820134,19.137523939430654,18.448907772066462
28421,15226,2,11.607226741512081,17.26269934134368,27.039141814606054,11.607226741512081,19.785079180016506,22.15814453488877,20.29788556701062,18.344332954687122,23.689758571940764,19.29934981107328,16.486806582123165,18.684315666047205,24.33462200039887,15.582508908305845,24.352841510438417,19.67024383115642,17.822146012356793
28421,16241,2,9.20199444916417,19.449658154276776,27.144055574460694,9.20199444916417,19.988852615718674,20.912164648788032,19.84729729645992,16.901801165894266,21.305478097559153,20.07485649462503,14.864676355005283,19.595679799705085,22.706627904597013,17.492934819828413,23.68137435456581,19.367044742202996,18.35063998702181
28421,17256,9,11.69394217858689,21.751084470451126,30.252215428669643,14.769583025697749,16.663389103269882,16.76381998949306,19.545146418844816,20.444448307137197,22.909772253232315,23.31636456066114,11.69394217858689,21.115418844170147,21.923246168610273,20.82106108654385,21.670186327119016,17.72563713977661,21.867407689212875
28421,18271,9,10.706135612101658,21.56998655670822,29.548557804230846,16.430513623416093,12.861773054462796,15.446132912448173,17.67474981056661,21.013366774846233,23.864615980813653,23.022703373145283,10.706135612101658,22.192834545678515,20.975748845987834,21.872626229427404,19.270030206220834,16.787191837324244,21.370803910574114
28421,19286,2,11.485460024474293,18.4118463404417,27.505901954913817,11.485460024474293,20.142620811666806,21.39185237691124,19.735803176770688,19.579872304576057,22.737057646915368,20.530651544010713,16.29723500358027,19.70578682037569,23.941303453587533,17.116654629031565,24.039017955280904,20.67102442197455,19.419133596683643
28421,20301,2,9.83148163604087,17.462528913607798,26.95919866654326,9.83148163604087,18.364540434897894,20.27116077940078,18.90601922424542,16.71160986159828,22.027010926533656,19.110043803176836,14.08967644461244,18.316067660208216,22.625769871304154,15.740509771823183,22.99919290997122,18.24666183800204,17.12819139965382
28421,21316,2,13.374437015433724,22.56066892129191,27.87316308188197,13.374437015433724,20.46129133275698,20.77889363500071,22.311611472807794,14.033632365595833,23.249822850454382,21.997837003643802,15.313257150363231,21.70780558043265,23.5512176029553,19.89352891800183,24.959982115442344,20.195558494764118,19.88639033359819
28421,22331,2,12.55022388050682,21.756348159775246,27.42461967613439,12.55022388050682,20.39724964559552,20.30457988865294,21.056174813434552,13.948940181807005,21.56139403319363,20.87354161064089,14.835982500338474,20.506831857704388,23.001425723197467,18.93503291321384,24.121934255105188,18.93084649298951,19.30649528466212
28421,23346,2,10.555603028707322,18.066035427854136,26.81065515595774,10.555603028707322,18.848546569157804,20.387749629149468,19.593548869039413,18.679828148741226,22.32398277844694,19.96011838945468,14.837783485419491,18.64843787707564,22.562630919623153,16.656686781022703,23.179903223545956,18.895036309681988,18.892585980829473
28421,24361,2,9.97190942884881,20.163180698845963,28.98730913806395,9.97190942884881,19.450774327819754,20.37368242668696,20.53678149197647,18.220901706096743,22.740870205601666,22.500059742527668,14.502119845581477,20.206724407911015,22.779803181548637,18.395339384545704,23.221987461675784,20.144144154007172,20.21200095482078
28421,25376,2,10.244544708540145,18.821816637083923,27.663607667124776,10.244544708540145,19.848487636777687,20.48287013046499,21.29591393238931,18.75599531094128,22.340395541842696,20.95425901698333,15.159051757470275,18.930892875775598,22.77200278742736,16.832296131096843,23.68364911659767,19.520408649399933,19.809590120262094
28421,26391,2,11.601833078217377,20.070244101846875,27.124837377365004,11.601833078217377,20.84430184169475,21.17188955110927,20.681760333138968,19.44688288417017,20.478777648202115,20.14888465890901,16.49558767793063,20.126456752501426,22.330296341738418,18.351903540008337,23.436981885150942,19.63528467512782,19.972859212887226
28421,27406,2,10.74011059686574,20.6997315461018,28.095668197307763,10.74011059686574,19.215001459200707,20.572634545746528,20.029206545868284,19.051152492111235,21.731080108744166,21.43683132242952,14.436182291963789,20.875877386344268,22.996831583843452,19.23176169527156,22.87964879419383,19.64970461935634,20.762976261093403
28421,28421,2,11.503708318798447,17.27493199390426,26.488351380654386,11.503708318798447,18.940362771242114,20.89554160720481,19.58971700288841,18.1996694767051,21.79674083732209,18.772309289533872,14.972950890228672,16.251759145099847,23.185548362751423,15.590640368768074,23.26064032581729,17.485127401836678,18.272949425626884
28421,29436,14,13.586514276625882,22.198652954730335,25.89886132564689,16.385306538084603,17.26242572855578,18.530897511878063,18.540151404676806,19.855877395865477,19.026052520563617,18.6982950770599,14.044746556090727,20.3601134817653,18.96021515710041,20.995364648204163,20.969796085379233,13.586514276625882,19.12473413766087
29436,9136,2,13.844637553388461,17.097552066098768,22.254858484686256,13.844637553388461,23.540342545281966,24.38118616523954,21.745313501526024,19.4368574309042,22.198599890851924,14.588094236488955,20.011194836158758,18.40282129614822,24.86518823679632,15.417194976847393,26.41660724729154,21.244648734035238,19.02665303401621
29436,10151,2,11.926185678149654,17.475897736123695,25.19374680312992,11.926185678149654,21.573449515944088,22.623571117204406,20.01520748840335,19.512157397350762,20.49858235171634,17.62795698998307,18.401407917774428,17.94771357001378,23.773863793741995,16.116910228133946,24.254460990978973,19.894720155098888,17.878708619163614
29436,11166,2,12.966992536941921,19.873851003665695,25.685404286056926,12.966992536941921,23.07518098684312,24.58214336375281,22.101690177997387,20.156168923735446,24.141443460961746,20.29022111803127,19.520190181509555,19.092852644746614,25.73586368902422,17.105581861331146,27.374499592873796,22.20388034021224,19.461021157548664
29436,12181,9,10.611903604224166,21.17404701884303,29.16672772431855,12.68073736658407,15.01214432763202,17.864213245563697,18.98349129566112,19.486495479143393,22.973846929076863,22.921180773642238,10.611903604224166,21.288904471993664,21.97698639217237,20.262600572231364,20.954722724166288,17.739296954693923,20.460031677988823
29436,13196,2,11.995530472994261,19.794555170479967,27.80893268775163,11.995530472994261,18.15320746000897,19.994441806074665,17.486405147274404,19.37041499577821,22.492796343033614,20.94882905761231,14.468719174377009,20.65583200969604,22.91987562306195,18.214012889332245,21.732627725757574,19.25884748994889,19.80670000391432
29436,14211,2,10.964357095756109,17.462517142562113,26.09946732748288,10.964357095756109,19.444270100639752,21.34438320723604,19.812921178871665,18.891666397076534,22.982700918810476,19.01281435595474,15.808024518333589,19.10252009701134,24.027090909544192,16.381929334108232,24.1958880496462,20.018633374933344,18.523401169127716
29436,15226,2,12.154372401593301,18.5448624669791,25.80661974803577,12.154372401593301,22.3665527842926,23.857838991687693,21.8594132540869,20.361041687010363,23.846726535454813,19.563983562312956,18.84681437455185,19.877801679346828,25.27557194737711,16.771576236952235,26.37293605208299,22.193550323605187,19.920493786385975
29436,16241,2,9.421621691289973,17.68079404760892,27.111187686137754,9.421621691289973,18.099662312652796,20.305446015246076,19.795860049655296,17.98650350570161,22.782624181989462,20.00002743647021,14.014947637338082,18.63624681951104,23.261415259406515,16.300902918677558,22.70880918089527,18.912364868096965,18.831162486892065
29436,17256,2,11.010238527042906,17.161833365057596,26.92221566898263,11.010238527042906,20.32576666576419,22.537316609764606,21.321469141819087,18.007076834783486,23.681493053858397,19.787671720941205,16.762901207787216,18.77937805495652,24.70679140790912,15.60634495730769,24.595756741816572,20.468418400329217,18.236734765130944
29436,18271,9,10.163843207966389,18.917789183223018,28.66784070393509,11.999979350742864,13.70675700289776,17.513943592963127,17.28289024976371,18.252342504804066,22.016156305420946,21.064083569126133,10.163843207966389,19.449681665934108,21.63171136706771,18.294747620237974,19.871928729754735,15.635054289353956,18.19116977146456
29436,19286,2,9.71182902052707,18.99931538410535,27.36563647699325,9.71182902052707,20.947239974808692,22.013105594539986,21.557911915101435,18.600861276383526,22.918279707084967,20.5440943973172,16.262764458513256,19.306384271484106,23.666416454724292,15.806369107388933,24.67140605427711,20.31670978816258,19.319151896761767
29436,20301,2,11.607293318784933,19.22698423208074,26.554647537233592,11.607293318784933,18.836166654078106,20.346091537623668,20.844534457864707,15.486356975436257,22.476018402354885,19.539391421726023,14.533949400291577,19.258387864653507,23.470930885931793,16.856357579741804,24.098489557649057,18.67099780630626,17.841096639723006
29436,21316,6,16.522736922543917,22.76191032063143,26.99583689375468,20.243032643056374,24.696027136693107,25.327226083414033,25.509909478627307,16.522736922543917,26.670775274625775,22.11361050727929,22.37133058130381,22.63568158688379,26.853147571371583,20.347349264816824,27.85084853063091,23.23951542608307,20.574816398199932
29436,22331,9,10.498568786203053,22.948987450215814,27.597120163709917,17.11760333599452,12.59306578841468,17.07786214848016,18.02159353280016,18.568901960573477,22.992321706072,22.122382035418724,10.498568786203053,22.16484156503036,21.44629105995012,22.197283175172654,19.386609719377056,14.664497687329225,20.246827404290897
29436,23346,2,11.311221138877055,20.23288698681576,27.369387403216578,11.311221138877055,16.862876968393223,18.925020951177455,19.00546459268307,18.84572029756296,21.260065400751536,20.60537498083242,12.28328390491152,19.176150228959195,21.949241126037386,18.923185539185567,21.348586069981526,16.9943512467818,19.78654151489413
29436,24361,2,14.942647395595804,18.66172429792417,27.61468085389316,14.942647395595804,19.91119957038545,22.485851020180736,22.602587644285055,20.20955417424256,25.031212747340334,21.112739610412977,17.23902277024039,19.36748470197464,24.230998152283156,16.783205004773883,23.85598716493309,19.34684901962632,20.30229874159157
29436,25376,2,12.676341147053817,21.89891465977415,29.041651866144978,12.676341147053817,19.532841747622303,20.739356676226052,21.572829987893627,17.445307083686227,23.1513463938563,22.468360814338993,14.713073410140343,21.863925982916683,23.49890722722847,20.04875004767622,23.28984014965225,19.900049763890703,20.621688042465166
29436,26391,2,14.480251312896113,23.0495237069518,27.7135655964462,14.480251312896113,21.669459511328995,21.46566060688459,20.2326529514391,17.57434322062954,21.397096477976838,20.882612889769508,17.385917866468517,22.00155373983559,22.85898148504337,21.217210963803495,24.723592996228493,20.28936374697782,19.413918736161666
29436,27406,2,10.68033375506426,16.325486650409754,25.30347999242749,10.68033375506426,17.730205117191517,19.693345048313514,17.346728533443294,17.24348203203824,19.18945046710178,17.005099552865776,14.095028124100212,16.064188757363034,21.139034262204095,16.60185180288129,21.603874074996863,16.174575929439094,14.428938199314423
29436,28421,14,12.40549889179283,24.863443666508736,28.601409597231882,20.390351903946247,15.808299953504795,17.004768636217158,18.14567225763336,20.55244063569548,20.388472915613576,22.343938544883216,14.658904952761366,23.327920701370125,18.45629684997275,23.860071756657117,18.354846027465523,12.40549889179283,20.59669043550261
29436,29436,14,11.184785148423991,20.049043649740597,25.52202382748206,18.78955250765248,14.801079411369178,18.02618910187968,16.13578865143727,20.180316428986956,20.607173261606185,16.98141659820375,14.50827629084664,19.68402852748214,19.185274850931282,20.018912137321728,18.748143834311467,11.184785148423991,17.45602385346844
30451,10151,8,14.037707143543862,20.961312463662328,17.749057169108326,24.589389367834947,28.827780813915783,28.182106290137263,26.290005806816882,25.288739696589186,24.17066674175574,14.037707143543862,27.877655734099342,23.875499309152975,28.06592576840469,21.026826633927598,29.455732606983624,25.97816892291627,24.34537366661953
30451,11166,8,14.585258822851815,17.726670879339448,22.66975001511645,16.93552397243163,23.900072536058975,24.381520248530745,22.26662096802496,21.06929659265669,23.081246837295446,14.585258822851815,21.60825315680307,19.984118111801852,25.39677535434366,16.629636241550056,26.93251418475828,21.980287755104467,19.864232105434308
30451,12181,8,17.787210400202405,22.855303864128803,23.667760765240313,23.307360967665492,27.754186313520684,28.06188118759434,24.86399188315953,24.163379719979556,23.93048242542663,17.787210400202405,26.498619217846475,22.765435385939224,27.456924227412003,20.41434139731543,29.014538268007176,24.565109233646997,21.815454725545823
30451,13196,12,11.700921201562494,14.698494438433299,22.77015941339005,16.663149118854584,22.971523530051464,24.65748770678572,21.562811239849054,20.645841637719037,24.16171101270297,14.503190090264713,21.294719945787012,16.17997309139188,25.99655812591591,11.700921201562494,26.421326122626105,20.253900220123374,17.81209994823224
30451,14211,12,13.320942234425727,15.379217755577079,23.692582596544273,16.265112578526313,21.16165774448807,23.51931427996795,19.721833150419826,20.423370216988825,22.526028379212956,15.541516513870945,19.80216269054687,15.08742569985263,25.307043161656633,13.320942234425727,24.823154698846544,18.482348967596117,16.31182889133045
30451,15226,2,12.52714079060256,16.18116028501792,25.487606691633,12.52714079060256,20.74725356351825,22.199773346552913,20.911549163761194,19.26822881676758,23.681258191819,18.09507891877552,17.928462842819076,17.57660739486592,23.946225206117703,13.499857343063834,24.312158214311165,19.732109635224433,18.14050711222291
30451,16241,2,10.950388008326867,16.221649283159273,25.94665397887162,10.950388008326867,20.01250733707724,21.714361868082335,20.589660584562505,17.533308347828072,22.29191912096092,17.952954989523363,16.406124631231723,17.163913110580115,23.054103256702767,13.84488693385866,23.608708864028532,18.49270962256836,16.978824416510673
30451,17256,2,10.724352221971769,17.672203729072884,27.13589254814871,10.724352221971769,19.439024138422994,20.594178109176035,20.75696958496801,18.348158983716957,22.793796397315795,19.99189093199819,15.20687012595767,18.799856406138197,23.74205190155879,15.778213114127857,23.844390577428456,19.53280899902711,19.11283132524396
30451,18271,2,11.37345564101842,15.403730291783047,26.31454168985585,11.37345564101842,19.422509621470198,20.219491696114208,20.162660181207645,18.497910197846167,22.014713186043437,18.48075172319703,15.505885894159974,16.44226487455906,22.53058351698767,12.63193754817062,22.983215385797237,17.787235697266482,17.52777186346648
30451,19286,2,13.858764880359022,16.72668938699707,24.61125089754986,13.858764880359022,19.301985985417033,21.18123746997319,19.793697041417634,18.47404777309499,21.09840952060813,16.539884634727866,16.533416774684813,15.534408982537594,23.619801310141042,15.180627060044422,23.514756899918414,16.216041843897855,16.94923406761944
30451,20301,2,15.738806214578158,19.431193203353022,25.427717336941573,15.738806214578158,19.318396370878105,21.45688392763652,19.656895329924318,16.862324156815163,20.994984055473694,16.945644469391944,16.42860792028717,19.819161683415754,23.222328120300773,18.288253743708207,22.936115407236493,16.99795761148282,16.796121676568923
30451,21316,14,12.680249757552112,21.246768767486717,26.263886011832756,18.18469947667204,14.678786159935846,16.53963853244207,17.74029647916699,17.273095510300944,20.809025175328927,17.992877438185015,13.03166852458017,21.70920411064875,18.726736067110107,20.93568978064171,18.71393549946776,12.680249757552112,18.690687112676095
30451,22331,9,10.353598950792543,20.814603314186154,27.07444221373315,14.723836080636163,13.221685482470281,17.154202001588704,16.626593072704992,18.41406047143198,21.914102835374727,20.22870544339605,10.353598950792543,20.919126868389807,20.865040513851003,20.53486453159058,19.501898077879716,15.015618139335354,18.353550337969942
30451,23346,9,9.253497677339666,21.33007515108053,28.19935984764661,14.937751892127753,13.084894536988623,15.592281922487356,16.868868598641107,18.844343318083272,21.860342469927694,21.13667213163279,9.253497677339666,21.176411293558125,19.200219551634795,20.4942062137413,18.919883869897536,13.735339212514884,19.126644803082403
30451,24361,2,10.901088047974975,20.729675630678873,28.058641558921728,10.901088047974975,17.031387387451712,18.846530891131444,18.791866903769467,16.43338172593937,20.534646080479074,20.629574449813756,11.342517411079639,19.639646971603852,21.41528393170844,19.5541232057431,21.550772975919855,16.622228216446945,18.345101094675236
30451,25376,9,8.803761188883627,22.72926465310934,28.86193647475203,15.43141012244539,13.594934040426217,15.588132979547689,17.576898583729243,17.717153309032106,21.970206054413023,22.06187936463259,8.803761188883627,22.253240888150863,18.962807710519787,21.21631218243834,18.879735065987163,13.67360077801864,19.953485005784824
30451,26391,9,10.143652456401146,22.343441118987435,27.895229619040762,15.337730229732806,13.062614111401821,16.93923986013276,17.322209967369073,19.31982759749909,21.456480030024434,20.979849587663097,10.143652456401146,21.604270188914533,19.916506736707145,21.22715548692204,18.8325361575702,14.008411629571203,20.004962228431104
30451,27406,9,10.742780645886482,20.960120100503772,28.04477551192248,12.052332922344883,16.41519239667714,18.28766736951735,18.26192176603264,17.922027021881863,21.037273943968934,20.371960842931554,10.742780645886482,20.5435667796599,21.11730168606433,19.01405448524484,21.5078147624715,15.899219620064239,18.96729483278068
30451,28421,2,13.912503119309369,19.23399974744068,24.75560933503593,13.912503119309369,18.843830499936757,21.605308479601103,17.834597110640075,18.842427553264905,19.74360432972836,16.31352202478807,15.310976235934216,18.28467448786887,22.905547912344133,16.864281825191433,22.76967058342643,14.95025550573379,16.856294926910362
30451,29436,8,12.116958246978614,16.36361127003617,19.049176238096493,19.756867647770992,23.976726426295674,25.995852277322793,23.120228057929143,22.946200694254628,22.787641234671984,12.116958246978614,23.027411241223632,17.44482218693191,27.055152631362482,18.42320227823468,27.817775643257526,21.35326924067357,19.180690595669102
31466,15226,8,13.201579312526365,16.26084692610053,20.935984134981375,21.536612962565354,25.408139727412284,26.929194058422265,23.696332542201837,23.390301787333453,26.035649868755495,13.201579312526365,24.956566702443034,19.86226614152502,26.63922798665947,15.59504361083042,27.69620037941988,22.752828419277023,20.630940550859812
31466,16241,8,14.301086482991721,18.074474359630564,22.403884666551566,15.952203816748785,23.93119699132928,24.155355595035292,22.06490844739249,18.5432521895365,20.935188262552316,14.301086482991721,20.878061934592044,18.277341973110506,24.436238760940384,16.926739591905832,26.622148153941993,20.683188025353555,16.952993582901623
31466,17256,8,12.747453664974362,15.109157978383413,22.401168281351588,14.129198675414823,20.674038122330597,21.874525937474374,19.717572621128483,17.657246963558688,20.203353672950954,12.747453664974362,18.11877709722738,16.24104794483632,23.42633340126601,15.111892617881772,24.4634960465982,18.039920368446857,15.605591448422196
31466,18271,8,13.751540312319195,14.319583424616976,22.33261407524133,15.549637056512974,20.979158578190603,22.20788408204291,20.509175081105532,18.37091499896805,22.288361573161247,13.751540312319195,18.534842422144177,16.642440371508282,24.702746957627227,14.368648833923443,25.171911512825112,19.007338778367156,16.78003068397778
31466,19286,8,12.67517516647871,16.09055412999611,20.88861464933985,18.46245205865131,18.50570224866501,21.387641737377553,19.43582787973238,20.29600966106635,21.159043744926127,12.67517516647871,18.16398766429486,19.017707779951717,23.23198026719006,18.99176991497455,22.72126180196387,17.62289676216291,17.449329049083197
31466,22331,8,14.249645296978628,18.87790475759319,21.966694740438513,21.440437595551558,20.377870713650164,18.999858880404577,19.41482572792796,22.058096633276755,18.838114546651887,14.249645296978628,19.732682056677877,20.806920014364895,20.29263412212001,21.160990851344813,21.965496796507562,16.769392475560146,19.243841295415063
31466,23346,9,13.055826482546788,18.649012656324405,25.269490879182793,16.61977269185987,14.519132532569982,16.47478184276141,17.325463000067828,18.746937178954358,20.64685481569083,16.432342130522244,13.055826482546788,19.571621119654132,19.326305833707966,19.737511940995002,19.429930197179623,13.443547003772466,17.99953261296968
31466,24361,9,10.664534179865848,22.514144757320793,27.854514321124544,16.31849962333173,12.937052140512417,17.241672668100144,17.684886461495037,18.951732209584858,22.16925575217715,21.38252815595482,10.664534179865848,22.167229384106168,20.966866729615994,22.52892191966851,18.848839444194827,14.905380477693662,19.923901614659798
31466,25376,9,11.128932375090157,22.99591800511289,29.038486033806688,18.857716501950378,11.33984221511766,16.12403399168756,16.18983740691169,20.11289742354972,23.355385520707227,22.310441187089225,11.128932375090157,22.567319755806505,20.155076647562105,22.41862020052056,17.392012677342716,12.613980508411766,20.144760398833373
31466,26391,9,10.81013960212038,22.750528610704194,28.032082467571403,12.64042363877192,17.079279137346834,17.20019173979023,19.83637993363932,15.291815831224476,21.70609281350163,22.1587072154697,10.81013960212038,21.70846920712646,20.68000094439535,20.639075990888408,21.15827467632864,17.239237104523752,20.398732912422357
31466,27406,2,12.128103889616344,19.954847073445734,27.60948604935127,12.128103889616344,17.639401786497828,18.78974198831681,17.567349442986146,14.964682870246605,21.061951540733176,19.84664506369756,12.34431591748164,20.285215871864008,20.5389149298769,16.076339184148964,20.769193095100245,16.01337317083222,18.266122896934977
31466,28421,2,11.906499826626952,21.116395025572725,28.219164683515213,11.906499826626952,20.8650534097018,21.57366297365891,21.039570495715147,16.66811352913897,21.524688167882722,20.764736730639484,15.78734282622724,19.935912940885586,23.5964504149386,19.624320010702597,24.52803368906103,19.67129401967589,18.44430133752321
31466,29436,8,12.904783704112319,15.96704052687524,22.792714150518254,16.54702015686311,21.68357642546323,23.438656115797006,21.02703454888205,21.127740973795348,22.122524148612282,12.904783704112319,19.453385921007985,17.2655616202402,25.007009643769422,16.574628002106184,25.557265314969595,19.102249955956484,18.3904022839336
32481,24361,14,14.940917731256654,18.187624254945742,23.275564254203715,18.985872473748017,15.687886216201614,19.4060105386889,19.116765063064108,21.06215115007567,21.660002047195555,15.446283521306492,16.017224635516857,19.900719519947067,21.23809905660482,19.734226302522014,20.661011621356597,14.940917731256654,18.3926413927473
32481,25376,6,14.238579694869472,19.893685913960155,23.793346270281504,16.68864970916488,21.738401941293212,22.672368845379253,21.669201358979524,14.238579694869472,23.30896484334186,16.716754907256735,18.760935903876735,19.981215136679683,23.41164110518827,18.75308360644248,24.707247236167927,19.65142717761225,16.996841862057366
32481,26391,2,12.861336422879623,21.92204648203972,27.16114820251123,12.861336422879623,20.62721553153232,20.663980028915805,20.0532011589713,16.575563659169294,19.579963251207687,19.417814218746685,15.401617766949744,19.92498777352803,22.184228614232346,20.222902104324515,23.742154937144534,18.117281813953944,18.008201836550864
32481,27406,9,10.402924606505417,20.804208397813653,28.429243909375522,14.099983500572709,13.239648981291234,16.500665759932197,14.218726064517313,17.482878045652857,20.856681067894147,20.12400636191454,10.402924606505417,20.459042793579602,18.770465511612798,20.32034925446319,18.21570214985057,13.360136914579003,16.90878027820737
32481,28421,2,11.453951953977763,19.53846447147088,26.764901762658557,11.453951953977763,19.51449244692371,20.745019726406888,20.219116729692853,17.240608883045688,21.02946848899231,19.72019074545787,15.190017820608071,19.724162352524488,23.16412518985756,19.230159068227536,23.63571042485634,19.607168278578367,18.583749494828076
32481,29436,2,13.283279173720912,19.212791379358222,25.189708256729034,13.283279173720912,21.23337534035601,22.685806007413504,20.146118118608268,20.53679428766646,20.981495270431953,16.732736473283115,17.82317603540701,18.630975937013957,23.334882191805047,18.364117835570944,24.627769840831657,18.9503338136866,19.209851568839245
33496,25376,8,15.124290920056305,21.719123321265716,15.383391404299573,26.05838943491866,29.266298907051976,28.67486270713025,27.431395976203387,25.34870073662149,21.930877270296264,15.124290920056305,29.189199289385062,23.35015478333947,27.157414297398546,23.256972554804413,27.870245942692307,25.843345635844514,23.939403577860986
33496,26391,8,14.495082482995084,20.224388001024558,15.896413028643735,25.97600345557977,29.774945474035423,29.725147689807997,27.703051287335374,26.17740152895,24.65541389356216,14.495082482995084,29.526217440142076,23.968406034715414,29.25982536431851,22.196197966637172,29.550264684347027,27.356060086300165,24.717152341095808
33496,27406,8,12.542597635720826,14.985461716045227,21.67973995690477,18.88893968982188,19.36326453054777,21.215567362148025,20.232116455664162,20.497675713879804,21.823939691001694,12.542597635720826,18.539115806970006,18.121076077836445,23.261781048686657,17.271826950117568,22.692383489811142,16.527332202958913,17.652903114054407
33496,28421,14,12.733602128471867,20.01038961978336,25.00689839474758,18.977085140016108,16.918958054012904,18.353244314754654,18.925991121376263,20.78326485402644,21.35754828086342,17.49026955406525,15.284772410822907,19.484412994781987,20.036520193887807,19.844738363963568,21.29269718094262,12.733602128471867,19.031179972993932
33496,29436,8,12.375831605076092,14.886585751851706,19.227746102411096,21.179207855663346,22.61648857271297,24.649852010206203,21.793938642188323,22.68703793786725,21.61154935113296,12.375831605076092,23.290183293353074,18.883753233163556,25.402444699250772,18.52611519179942,25.557303490078894,20.930930880676588,18.61805170126936
